ubigeo,departamento,provincia,distrito,capital_legal,latitud,longitud
010101,Amazonas,Chachapoyas,Chachapoyas,Chachapoyas,-6.22944444,-77.87277778
010102,Amazonas,Chachapoyas,Asunción,Asunción,-6.0325,-77.71083333
010103,Amazonas,Chachapoyas,Balsas,Balsas,-6.83583333,-78.01972222
010104,Amazonas,Chachapoyas,Cheto,Cheto,-6.25555556,-77.70083333
010105,Amazonas,Chachapoyas,Chiliquín,Chiliquín,-6.07833333,-77.7375
010106,Amazonas,Chachapoyas,Chuquibamba,Chuquibamba,-6.935,-77.85416667
010107,Amazonas,Chachapoyas,Granada,Granada,-6.10638889,-77.62861111
010108,Amazonas,Chachapoyas,Huancas,Huancas,-6.17361111,-77.86444444
010109,Amazonas,Chachapoyas,La Jalca,La Jalca,-6.48472222,-77.815
010110,Amazonas,Chachapoyas,Leimebamba,Leimebamba,-6.7075,-77.80388889
010111,Amazonas,Chachapoyas,Levanto,Levanto,-6.30777778,-77.89916667
010112,Amazonas,Chachapoyas,Magdalena,Magdalena,-6.37305556,-77.90166667
010113,Amazonas,Chachapoyas,Mariscal Castilla,Duraznopampa,-6.59444444,-77.80861111
010114,Amazonas,Chachapoyas,Molinopampa,Molinopampa,-6.20916667,-77.66916667
010115,Amazonas,Chachapoyas,Montevideo,Montevideo,-6.61805556,-77.80222222
010116,Amazonas,Chachapoyas,Olleros,Olleros,-6.02388889,-77.67638889
010117,Amazonas,Chachapoyas,Quinjalca,Quinjalca,-6.09138889,-77.67861111
010118,Amazonas,Chachapoyas,San Francisco de Daguas,Daguas,-6.22916667,-77.74
010119,Amazonas,Chachapoyas,San Isidro de Maino,Maino,-6.33722222,-77.88055556
010120,Amazonas,Chachapoyas,Soloco,Soloco,-6.26055556,-77.74416667
010121,Amazonas,Chachapoyas,Sonche,San Juan de Sonche,-6.21888889,-77.77527778
010201,Amazonas,Bagua,Bagua,Bagua,-5.63888889,-78.53111111
010202,Amazonas,Bagua,Aramango,Aramango,-5.41638889,-78.43777778
010203,Amazonas,Bagua,Copallín,Copallín,-5.675,-78.42305556
010204,Amazonas,Bagua,El Parco,El Parco,-5.625,-78.47527778
010205,Amazonas,Bagua,Imaza,Chiriaco,-5.16361111,-78.28888889
010206,Amazonas,Bagua,La Peca,La Peca,-5.61194444,-78.43694444
010301,Amazonas,Bongará,Jumbilla,Jumbilla,-5.90444444,-77.79777778
010302,Amazonas,Bongará,Chisquilla,Chisquilla,-5.8975,-77.78611111
010303,Amazonas,Bongará,Churuja,Churuja,-6.01944444,-77.95194444
010304,Amazonas,Bongará,Corosha,Corosha,-5.84333333,-77.8225
010305,Amazonas,Bongará,Cuispes,Cuispes,-5.92833333,-77.94611111
010306,Amazonas,Bongará,Florida,Florida (Pomacochas),-5.82611111,-77.96944444
010307,Amazonas,Bongará,Jazán,Pedro Ruiz Gallo,-5.94138889,-77.97722222
010308,Amazonas,Bongará,Recta,Recta,-5.91777778,-77.78888889
010309,Amazonas,Bongará,San Carlos,San Carlos,-5.96611111,-77.94527778
010310,Amazonas,Bongará,Shipasbamba,Shipasbamba,-5.91055556,-77.98055556
010311,Amazonas,Bongará,Valera,Valera (San Pablo),-6.04277778,-77.91916667
010312,Amazonas,Bongará,Yambrasbamba,Yambrasbamba,-5.73527778,-77.925
010401,Amazonas,Condorcanqui,Nieva,Santa María de Nieva,-4.59222222,-77.86444444
010402,Amazonas,Condorcanqui,El Cenepa,Huampami,-4.45555556,-78.15888889
010403,Amazonas,Condorcanqui,Río Santiago,Puerto Galilea,-4.01583333,-77.76083333
010501,Amazonas,Luya,Lámud,Lámud,-6.13916667,-77.95222222
010502,Amazonas,Luya,Camporredondo,Camporredondo,-6.21333333,-78.32
010503,Amazonas,Luya,Cocabamba,Cocabamba,-6.61416667,-78.005
010504,Amazonas,Luya,Colcamar,Colcamar,-6.29944444,-77.97305556
010505,Amazonas,Luya,Conila,Cohechan,-6.15916667,-78.14194444
010506,Amazonas,Luya,Inguilpata,Inguilpata,-6.23944444,-77.95388889
010507,Amazonas,Luya,Longuita,Longuita,-6.41361111,-77.96833333
010508,Amazonas,Luya,Lonya Chico,Lonya Chico,-6.22972222,-77.955
010509,Amazonas,Luya,Luya,Luya,-6.16416667,-77.94416667
010510,Amazonas,Luya,Luya Viejo,Luya Viejo,-6.1275,-78.085
010511,Amazonas,Luya,María,María,-6.42888889,-77.96083333
010512,Amazonas,Luya,Ocalli,Ocalli,-6.23527778,-78.26638889
010513,Amazonas,Luya,Ocumal,Collonce,-6.2825,-78.21083333
010514,Amazonas,Luya,Pisuquia,Yomblon,-6.45333333,-78.09194444
010515,Amazonas,Luya,Providencia,Providencia,-6.29722222,-78.24083333
010516,Amazonas,Luya,San Cristóbal,Olto,-6.10166667,-77.95972222
010517,Amazonas,Luya,San Francisco del Yeso,San Francisco del Yeso,-6.64694444,-77.81166667
010518,Amazonas,Luya,San Jerónimo,Paclas,-6.05972222,-77.97444444
010519,Amazonas,Luya,San Juan de Lopecancha,San Juan de Lopecancha,-6.49638889,-77.86194444
010520,Amazonas,Luya,Santa Catalina,Santa Catalina,-6.11361111,-78.06083333
010521,Amazonas,Luya,Santo Tomás,Santo Tomás,-6.5725,-77.86583333
010522,Amazonas,Luya,Tingo,Tingo,-6.37972222,-77.90583333
010523,Amazonas,Luya,Trita,Trita,-6.15194444,-77.98083333
010601,Amazonas,Rodríguez de Mendoza,San Nicolás,Mendoza,-6.39527778,-77.48222222
010602,Amazonas,Rodríguez de Mendoza,Chirimoto,Chirimoto,-6.52305556,-77.4425
010603,Amazonas,Rodríguez de Mendoza,Cochamal,Cochamal,-6.4075,-77.58527778
010604,Amazonas,Rodríguez de Mendoza,Huambo,Huambo,-6.43111111,-77.53666667
010605,Amazonas,Rodríguez de Mendoza,Limabamba,Limabamba,-6.49805556,-77.49888889
010606,Amazonas,Rodríguez de Mendoza,Longar,Longar,-6.38583333,-77.54666667
010607,Amazonas,Rodríguez de Mendoza,Mariscal Benavides,Mariscal Benavides,-6.38611111,-77.50444444
010608,Amazonas,Rodríguez de Mendoza,Milpuc,Milpuc,-6.5,-77.43638889
010609,Amazonas,Rodríguez de Mendoza,Omia,Omia,-6.46777778,-77.39555556
010610,Amazonas,Rodríguez de Mendoza,Santa Rosa,Santa Rosa de Huayabamba,-6.45361111,-77.45527778
010611,Amazonas,Rodríguez de Mendoza,Totora,Totora,-6.49305556,-77.47166667
010612,Amazonas,Rodríguez de Mendoza,Vista Alegre,Vista Alegre,-6.15083333,-77.30388889
010701,Amazonas,Utcubamba,Bagua Grande,Bagua Grande,-5.75472222,-78.44277778
010702,Amazonas,Utcubamba,Cajaruro,Cajaruro,-5.73638889,-78.42666667
010703,Amazonas,Utcubamba,Cumba,Cumba,-5.93555556,-78.66361111
010704,Amazonas,Utcubamba,El Milagro,El Milagro,-5.63777778,-78.55833333
010705,Amazonas,Utcubamba,Jamalca,Jamalca,-5.89416667,-78.23777778
010706,Amazonas,Utcubamba,Lonya Grande,Lonya Grande,-6.09638889,-78.4225
010707,Amazonas,Utcubamba,Yamón,Yamón,-6.05083333,-78.52888889
020101,Áncash,Huaraz,Huaraz,Huaraz,-9.52972222,-77.52916667
020102,Áncash,Huaraz,Cochabamba,Cochabamba,-9.495,-77.85944444
020103,Áncash,Huaraz,Colcabamba,Colcabamba,-9.59472222,-77.80861111
020104,Áncash,Huaraz,Huanchay,Huanchay,-9.72361111,-77.81861111
020105,Áncash,Huaraz,Independencia,Centenario,-9.51444444,-77.5325
020106,Áncash,Huaraz,Jangas,Jangas,-9.40055556,-77.5775
020107,Áncash,Huaraz,La Libertad,Cajamarquilla,-9.63305556,-77.74138889
020108,Áncash,Huaraz,Olleros,Olleros,-9.66666667,-77.46555556
020109,Áncash,Huaraz,Pampas Grande,Pampas Grande,-9.65527778,-77.82611111
020110,Áncash,Huaraz,Pariacoto,Pariacoto,-9.55944444,-77.89055556
020111,Áncash,Huaraz,Pira,Pira,-9.58111111,-77.70722222
020112,Áncash,Huaraz,Tarica,Tarica,-9.39361111,-77.575
020201,Áncash,Aija,Aija,Aija,-9.78027778,-77.61055556
020202,Áncash,Aija,Coris,Coris,-9.82055556,-77.71944444
020203,Áncash,Aija,Huacllán,Huacllán,-9.79805556,-77.67527778
020204,Áncash,Aija,La Merced,La Merced,-9.73555556,-77.61611111
020205,Áncash,Aija,Succha,Succha,-9.82305556,-77.64972222
020301,Áncash,Antonio Raymondi,Llamellín,Llamellín,-9.10083333,-77.01694444
020302,Áncash,Antonio Raymondi,Aczo,Aczo,-9.15194444,-76.98888889
020303,Áncash,Antonio Raymondi,Chaccho,Chaccho,-9.05972222,-77.05833333
020304,Áncash,Antonio Raymondi,Chingas,Chingas,-9.11861111,-76.99194444
020305,Áncash,Antonio Raymondi,Mirgas,Mirgas,-9.07861111,-77.0925
020306,Áncash,Antonio Raymondi,San Juan de Rontoy,San Juan de Rontoy,-9.17527778,-77.00277778
020401,Áncash,Asunción,Chacas,Chacas,-9.16222222,-77.36583333
020402,Áncash,Asunción,Acochaca,Acochaca,-9.11472222,-77.36833333
020501,Áncash,Bolognesi,Chiquián,Chiquián,-10.15194444,-77.15638889
020502,Áncash,Bolognesi,Abelardo Pardo Lezameta,Llaclla,-10.29916667,-77.14638889
020503,Áncash,Bolognesi,Antonio Raymondi,Raquia,-10.15722222,-77.47055556
020504,Áncash,Bolognesi,Aquia,Aquia,-10.07444444,-77.145
020505,Áncash,Bolognesi,Cajacay,Cajacay,-10.15527778,-77.43972222
020506,Áncash,Bolognesi,Canis,Canis,-10.33888889,-77.16888889
020507,Áncash,Bolognesi,Colquioc,Chasquitambo,-10.31222222,-77.61527778
020508,Áncash,Bolognesi,Huallanca,Huallanca,-9.89944444,-76.94166667
020509,Áncash,Bolognesi,Huasta,Huasta,-10.12333333,-77.14666667
020510,Áncash,Bolognesi,Huayllacayán,Huayllacayán,-10.245,-77.43472222
020511,Áncash,Bolognesi,La Primavera,Gorgorillo,-10.33555556,-77.12527778
020512,Áncash,Bolognesi,Mangas,Mangas,-10.36944444,-77.10333333
020513,Áncash,Bolognesi,Pacllón,Pacllón,-10.23444444,-77.07166667
020514,Áncash,Bolognesi,San Miguel de Corpanqui,Corpanqui,-10.285,-77.19888889
020515,Áncash,Bolognesi,Ticllos,Ticllos,-10.25305556,-77.19083333
020601,Áncash,Carhuaz,Carhuaz,Carhuaz,-9.28138889,-77.64666667
020602,Áncash,Carhuaz,Acopampa,Acopampa,-9.29472222,-77.62527778
020603,Áncash,Carhuaz,Amashca,Amashca,-9.23916667,-77.64666667
020604,Áncash,Carhuaz,Anta,Anta,-9.35777778,-77.59888889
020605,Áncash,Carhuaz,Ataquero,Carhuac,-9.26222222,-77.69166667
020606,Áncash,Carhuaz,Marcará,Marcará,-9.32277778,-77.60361111
020607,Áncash,Carhuaz,Pariahuanca,Pariahuanca,-9.36527778,-77.58083333
020608,Áncash,Carhuaz,San Miguel de Aco,Aco,-9.36833333,-77.56444444
020609,Áncash,Carhuaz,Shilla,Shilla,-9.23166667,-77.625
020610,Áncash,Carhuaz,Tinco,Tinco,-9.27083333,-77.6775
020611,Áncash,Carhuaz,Yungar,Yungar,-9.3775,-77.59222222
020701,Áncash,Carlos Fermín Fitzcarrald,San Luis,San Luis,-9.09416667,-77.32888889
020702,Áncash,Carlos Fermín Fitzcarrald,San Nicolás,San Nicolás,-8.97583333,-77.18916667
020703,Áncash,Carlos Fermín Fitzcarrald,Yauya,Yauya,-8.99111111,-77.29138889
020801,Áncash,Casma,Casma,Casma,-9.47583333,-78.30638889
020802,Áncash,Casma,Buena Vista Alta,Buena Vista Alta,-9.4325,-78.20694444
020803,Áncash,Casma,Comandante Noél,Puerto Casma,-9.4625,-78.38472222
020804,Áncash,Casma,Yaután,Yaután,-9.51138889,-77.99638889
020901,Áncash,Corongo,Corongo,Corongo,-8.57083333,-77.89888889
020902,Áncash,Corongo,Aco,Aco,-8.52305556,-77.87777778
020903,Áncash,Corongo,Bambas,Bambas,-8.6025,-77.99694444
020904,Áncash,Corongo,Cusca,Cusca,-8.51333333,-77.86472222
020905,Áncash,Corongo,La Pampa,La Pampa,-8.66111111,-77.90083333
020906,Áncash,Corongo,Yánac,Yánac,-8.61861111,-77.86472222
020907,Áncash,Corongo,Yupán,Yupán,-8.61444444,-77.96861111
021001,Áncash,Huari,Huari,Huari,-9.34722222,-77.17083333
021002,Áncash,Huari,Anra,Anra,-9.23472222,-76.92638889
021003,Áncash,Huari,Cajay,Cajay,-9.32583333,-77.1575
021004,Áncash,Huari,Chavín de Huántar,Chavín de Huántar,-9.58861111,-77.17833333
021005,Áncash,Huari,Huacachi,Huacachi,-9.31555556,-76.93861111
021006,Áncash,Huari,Huacchis,Huacchis,-9.20055556,-76.78694444
021007,Áncash,Huari,Huachis,Huachis,-9.41,-77.1
021008,Áncash,Huari,Huántar,Huántar,-9.45194444,-77.17666667
021009,Áncash,Huari,Masín,Masín,-9.36583333,-77.09638889
021010,Áncash,Huari,Paucas,Paucas,-9.1525,-76.89944444
021011,Áncash,Huari,Ponto,Ponto,-9.32611111,-77.00444444
021012,Áncash,Huari,Rahuapampa,Rahuapampa,-9.35916667,-77.07861111
021013,Áncash,Huari,Rapayan,Rapayan,-9.2025,-76.75944444
021014,Áncash,Huari,San Marcos,San Marcos,-9.52416667,-77.15694444
021015,Áncash,Huari,San Pedro de Chana,Chana,-9.40305556,-77.01111111
021016,Áncash,Huari,Uco,Uco,-9.18833333,-76.92833333
021101,Áncash,Huarmey,Huarmey,Huarmey,-10.06888889,-78.15166667
021102,Áncash,Huarmey,Cochapeti,Cochapeti,-9.98722222,-77.64611111
021103,Áncash,Huarmey,Culebras,La Caleta Culebras,-9.95027778,-78.22222222
021104,Áncash,Huarmey,Huayán,Huayán,-9.87527778,-77.70833333
021105,Áncash,Huarmey,Malvas,Malvas,-9.92972222,-77.65777778
021201,Áncash,Huaylas,Caraz,Caraz,-9.04861111,-77.80472222
021202,Áncash,Huaylas,Huallanca,Huallanca,-8.81888889,-77.86305556
021203,Áncash,Huaylas,Huata,Huata,-9.01638889,-77.86138889
021204,Áncash,Huaylas,Huaylas,Huaylas,-8.8725,-77.89277778
021205,Áncash,Huaylas,Mato,Sucre,-8.96138889,-77.8425
021206,Áncash,Huaylas,Pamparomás,Pamparomás,-9.07333333,-77.98166667
021207,Áncash,Huaylas,Pueblo Libre,Pueblo Libre,-9.11,-77.80194444
021208,Áncash,Huaylas,Santa Cruz,Huaripampa,-8.95194444,-77.815
021209,Áncash,Huaylas,Santo Toribio,Santo Toribio,-8.86444444,-77.91472222
021210,Áncash,Huaylas,Yuracmarca,Yuracmarca,-8.7375,-77.90388889
021301,Áncash,Mariscal Luzuriaga,Piscobamba,Piscobamba,-8.865,-77.35777778
021302,Áncash,Mariscal Luzuriaga,Casca,Casca,-8.85555556,-77.39861111
021303,Áncash,Mariscal Luzuriaga,Eleazar Guzmán Barrón,Pampachacra,-8.90222222,-77.24388889
021304,Áncash,Mariscal Luzuriaga,Fidel Olivas Escudero,Sanachgan,-8.80611111,-77.27972222
021305,Áncash,Mariscal Luzuriaga,Llama,Llama,-8.915,-77.30138889
021306,Áncash,Mariscal Luzuriaga,Llumpa,Llumpa,-8.96083333,-77.3675
021307,Áncash,Mariscal Luzuriaga,Lucma,Lucma,-8.91944444,-77.41083333
021308,Áncash,Mariscal Luzuriaga,Musga,Musga,-8.90611111,-77.33916667
021401,Áncash,Ocros,Ocros,Ocros,-10.40333333,-77.39666667
021402,Áncash,Ocros,Acas,Acas,-10.4575,-77.32777778
021403,Áncash,Ocros,Cajamarquilla,Cajamarquilla,-10.35416667,-77.19916667
021404,Áncash,Ocros,Carhuapampa,Aco,-10.4975,-77.24277778
021405,Áncash,Ocros,Cochas,Huanchay,-10.53666667,-77.42277778
021406,Áncash,Ocros,Congas,Congas,-10.3375,-77.44277778
021407,Áncash,Ocros,Llipa,Llipa,-10.3925,-77.19083333
021408,Áncash,Ocros,San Cristóbal de Raján,Rajan,-10.38694444,-77.21944444
021409,Áncash,Ocros,San Pedro,Copa,-10.37194444,-77.48722222
021410,Áncash,Ocros,Santiago de Chilcas,Santiago de Chilcas,-10.43861111,-77.36583333
021501,Áncash,Pallasca,Cabana,Cabana,-8.39305556,-78.00888889
021502,Áncash,Pallasca,Bolognesi,Bolognesi,-8.35055556,-78.05055556
021503,Áncash,Pallasca,Conchucos,Conchucos,-8.26861111,-77.85277778
021504,Áncash,Pallasca,Huacaschuque,Huacaschuque,-8.30638889,-78.00472222
021505,Áncash,Pallasca,Huandoval,Huandoval,-8.33111111,-77.97527778
021506,Áncash,Pallasca,Lacabamba,Lacabamba,-8.26027778,-77.89833333
021507,Áncash,Pallasca,Llapo,Llapo,-8.51444444,-78.04222222
021508,Áncash,Pallasca,Pallasca,Pallasca,-8.25305556,-77.99944444
021509,Áncash,Pallasca,Pampas,Pampas,-8.19527778,-77.89583333
021510,Áncash,Pallasca,Santa Rosa,Santa Rosa,-8.52777778,-78.0675
021511,Áncash,Pallasca,Tauca,Tauca,-8.47027778,-78.03777778
021601,Áncash,Pomabamba,Pomabamba,Pomabamba,-8.82111111,-77.46027778
021602,Áncash,Pomabamba,Huayllán,Huayllán,-8.85805556,-77.43555556
021603,Áncash,Pomabamba,Parobamba,Parobamba,-8.69583333,-77.42972222
021604,Áncash,Pomabamba,Quinuabamba,Quinuabamba,-8.69722222,-77.39833333
021701,Áncash,Recuay,Recuay,Recuay,-9.72166667,-77.45638889
021702,Áncash,Recuay,Cátac,Cátac,-9.80166667,-77.43055556
021703,Áncash,Recuay,Cotaparaco,Cotaparaco,-9.99333333,-77.58805556
021704,Áncash,Recuay,Huayllapampa,Huayllapampa,-10.05555556,-77.53666667
021705,Áncash,Recuay,Llacllin,Llacllin,-10.06916667,-77.62166667
021706,Áncash,Recuay,Marca,Marca,-10.08916667,-77.47444444
021707,Áncash,Recuay,Pampas Chico,Pampas Chico,-10.11472222,-77.39805556
021708,Áncash,Recuay,Pararín,Pararín,-10.05,-77.65444444
021709,Áncash,Recuay,Tapacocha,Tapacocha,-10.01027778,-77.56916667
021710,Áncash,Recuay,Ticapampa,Ticapampa,-9.76055556,-77.44277778
021801,Áncash,Santa,Chimbote,Chimbote,-9.04166667,-78.60777778
021802,Áncash,Santa,Cáceres del Perú,Jimbe,-9.01305556,-78.13805556
021803,Áncash,Santa,Coishco,Coishco,-9.02305556,-78.61611111
021804,Áncash,Santa,Macate,Macate,-8.76027778,-78.06138889
021805,Áncash,Santa,Moro,Moro,-9.13888889,-78.18333333
021806,Áncash,Santa,Nepeña,Nepeña,-9.17277778,-78.36083333
021807,Áncash,Santa,Samanco,Samanco,-9.26222222,-78.49583333
021808,Áncash,Santa,Santa,Santa,-8.98777778,-78.61305556
021809,Áncash,Santa,Nuevo Chimbote,Buenos Aires,-9.12861111,-78.53083333
021901,Áncash,Sihuas,Sihuas,Sihuas,-8.55444444,-77.63083333
021902,Áncash,Sihuas,Acobamba,Acobamba,-8.32611111,-77.58194444
021903,Áncash,Sihuas,Alfonso Ugarte,Ullulluco,-8.45611111,-77.42666667
021904,Áncash,Sihuas,Cashapampa,Cashapampa,-8.56111111,-77.65305556
021905,Áncash,Sihuas,Chingalpo,Chingalpo,-8.33861111,-77.5975
021906,Áncash,Sihuas,Huayllabamba,Huayllabamba,-8.53472222,-77.56694444
021907,Áncash,Sihuas,Quiches,Quiches,-8.395,-77.49111111
021908,Áncash,Sihuas,Ragash,Ragash,-8.53166667,-77.66583333
021909,Áncash,Sihuas,San Juan,Chullin,-8.64638889,-77.58194444
021910,Áncash,Sihuas,Sicsibamba,Umbe,-8.62333333,-77.53555556
022001,Áncash,Yungay,Yungay,Yungay,-9.14,-77.74472222
022002,Áncash,Yungay,Cascapara,Cascapara,-9.22638889,-77.71722222
022003,Áncash,Yungay,Mancos,Mancos,-9.19,-77.71222222
022004,Áncash,Yungay,Matacoto,Matacoto,-9.17694444,-77.74722222
022005,Áncash,Yungay,Quillo,Quillo,-9.32861111,-78.04166667
022006,Áncash,Yungay,Ranrahirca,Ranrahirca,-9.17305556,-77.7225
022007,Áncash,Yungay,Shupluy,Shupluy,-9.21694444,-77.69388889
022008,Áncash,Yungay,Yanama,Yanama,-9.02055556,-77.47083333
030101,Apurímac,Abancay,Abancay,Abancay,-13.62888889,-72.88611111
030102,Apurímac,Abancay,Chacoche,Chacoche,-13.94111111,-72.99111111
030103,Apurímac,Abancay,Circa,Circa,-13.87833333,-72.87583333
030104,Apurímac,Abancay,Curahuasi,Curahuasi,-13.54138889,-72.69611111
030105,Apurímac,Abancay,Huanipaca,Huanipaca,-13.49222222,-72.93333333
030106,Apurímac,Abancay,Lambrama,Lambrama,-13.87083333,-72.76972222
030107,Apurímac,Abancay,Pichirhua,Pichirhua,-13.86083333,-73.07333333
030108,Apurímac,Abancay,San Pedro de Cachora,Cachora,-13.51416667,-72.81416667
030109,Apurímac,Abancay,Tamburco,Tamburco,-13.62222222,-72.87333333
030201,Apurímac,Andahuaylas,Andahuaylas,Andahuaylas,-13.65611111,-73.38972222
030202,Apurímac,Andahuaylas,Andarapa,Andarapa,-13.52805556,-73.36583333
030203,Apurímac,Andahuaylas,Chiara,Chiara,-13.86722222,-73.66888889
030204,Apurímac,Andahuaylas,Huancarama,Huancarama,-13.64472222,-73.08555556
030205,Apurímac,Andahuaylas,Huancaray,Huancaray,-13.75722222,-73.5275
030206,Apurímac,Andahuaylas,Huayana,Huayana,-14.05083333,-73.60944444
030207,Apurímac,Andahuaylas,Kishuara,Kishuara,-13.69111111,-73.11861111
030208,Apurímac,Andahuaylas,Pacobamba,Pacobamba,-13.61527778,-73.08388889
030209,Apurímac,Andahuaylas,Pacucha,Pacucha,-13.60944444,-73.34416667
030210,Apurímac,Andahuaylas,Pampachiri,Pampachiri,-14.18694444,-73.54472222
030211,Apurímac,Andahuaylas,Pomacocha,Pomacocha,-14.08388889,-73.59083333
030212,Apurímac,Andahuaylas,San Antonio de Cachi,San Antonio de Cachi,-13.77305556,-73.60333333
030213,Apurímac,Andahuaylas,San Jerónimo,San Jerónimo,-13.65166667,-73.36583333
030214,Apurímac,Andahuaylas,San Miguel de Chaccrampa,Chaccrampa,-13.96111111,-73.60777778
030215,Apurímac,Andahuaylas,Santa María de Chicmo,Santa María de Chicmo,-13.6575,-73.49388889
030216,Apurímac,Andahuaylas,Talavera,Talavera,-13.65416667,-73.42888889
030217,Apurímac,Andahuaylas,Tumay Huaraca,Umamarca,-14.05277778,-73.56583333
030218,Apurímac,Andahuaylas,Turpo,Turpo,-13.78555556,-73.47416667
030219,Apurímac,Andahuaylas,Kaquiabamba,Kaquiabamba,-13.5325,-73.28833333
030220,Apurímac,Andahuaylas,José María Arguedas,Huancabamba,-13.73416667,-73.35055556
030301,Apurímac,Antabamba,Antabamba,Antabamba,-14.36527778,-72.87722222
030302,Apurímac,Antabamba,El Oro,Ayahuay,-14.20888889,-73.05833333
030303,Apurímac,Antabamba,Huaquirca,Huaquirca,-14.33944444,-72.895
030304,Apurímac,Antabamba,Juan Espinoza Medrano,Mollebamba,-14.42833333,-72.915
030305,Apurímac,Antabamba,Oropesa,Oropesa,-14.26055556,-72.56361111
030306,Apurímac,Antabamba,Pachaconas,Pachaconas,-14.22333333,-73.01638889
030307,Apurímac,Antabamba,Sabaino,Sabaino,-14.31333333,-72.94527778
030401,Apurímac,Aymaraes,Chalhuanca,Chalhuanca,-14.29444444,-73.24472222
030402,Apurímac,Aymaraes,Capaya,Capaya,-14.11777778,-73.32111111
030403,Apurímac,Aymaraes,Caraybamba,Caraybamba,-14.37805556,-73.16083333
030404,Apurímac,Aymaraes,Chapimarca,Chapimarca,-13.975,-73.065
030405,Apurímac,Aymaraes,Colcabamba,Colcabamba,-14.00638889,-73.25416667
030406,Apurímac,Aymaraes,Cotaruse,Cotaruse,-14.41583333,-73.205
030407,Apurímac,Aymaraes,Ihuayllo,Ihuayllo,-14.13305556,-73.26777778
030408,Apurímac,Aymaraes,Justo Apu Sahuaraura,Pichihua,-14.14805556,-73.17388889
030409,Apurímac,Aymaraes,Lucre,Lucre,-13.94972222,-73.22611111
030410,Apurímac,Aymaraes,Pocohuanca,Pocohuanca,-14.21833333,-73.08694444
030411,Apurímac,Aymaraes,San Juan de Chacña,San Juan de Chacña,-13.92416667,-73.18222222
030412,Apurímac,Aymaraes,Sañayca,Sañayca,-14.20444444,-73.34694444
030413,Apurímac,Aymaraes,Soraya,Soraya,-14.16472222,-73.315
030414,Apurímac,Aymaraes,Tapairihua,Tapairihua,-14.14138889,-73.14027778
030415,Apurímac,Aymaraes,Tintay,Tintay,-13.95944444,-73.18527778
030416,Apurímac,Aymaraes,Toraya,Toraya,-14.05305556,-73.29388889
030417,Apurímac,Aymaraes,Yanaca,Yanaca,-14.22527778,-73.16
030501,Apurímac,Cotabambas,Tambobamba,Tambobamba,-13.94611111,-72.17472222
030502,Apurímac,Cotabambas,Cotabambas,Cotabambas,-13.74555556,-72.355
030503,Apurímac,Cotabambas,Coyllurqui,Coyllurqui,-13.83694444,-72.43222222
030504,Apurímac,Cotabambas,Haquira,Haquira,-14.21416667,-72.18888889
030505,Apurímac,Cotabambas,Mara,Mara,-14.08666667,-72.10194444
030506,Apurímac,Cotabambas,Challhuahuacho,Challhuahuacho,-14.11861111,-72.24666667
030601,Apurímac,Chincheros,Chincheros,Chincheros,-13.51833333,-73.72277778
030602,Apurímac,Chincheros,Anco-Huallo,Uripa,-13.52972222,-73.67416667
030603,Apurímac,Chincheros,Cocharcas,Cocharcas,-13.61055556,-73.74138889
030604,Apurímac,Chincheros,Huaccana,Huaccana,-13.38805556,-73.68916667
030605,Apurímac,Chincheros,Ocobamba,Ocobamba,-13.4825,-73.56027778
030606,Apurímac,Chincheros,Ongoy,Ongoy,-13.40277778,-73.66833333
030607,Apurímac,Chincheros,Uranmarca,Uranmarca,-13.67222222,-73.66944444
030608,Apurímac,Chincheros,Ranracancha,Ranracancha,-13.5325,-73.60555556
030609,Apurímac,Chincheros,Rocchacc,Rocchacc,-13.44055556,-73.6
030610,Apurímac,Chincheros,El Porvenir,San Pedro de Huamburque,-13.39666667,-73.59333333
030611,Apurímac,Chincheros,Los Chankas,Rio Blanco,-13.435,-73.82194444
030612,Apurímac,Chincheros,Ahuayro,Ahuayro,-13.49527778,-73.80861111
030701,Apurímac,Grau,Chuquibambilla,Chuquibambilla,-14.105,-72.70777778
030702,Apurímac,Grau,Curpahuasi,Curpahuasi,-14.06333333,-72.67083333
030703,Apurímac,Grau,Gamarra,Palpacachi,-13.87166667,-72.50833333
030704,Apurímac,Grau,Huayllati,Huayllati,-13.92805556,-72.48444444
030705,Apurímac,Grau,Mamara,Mamara,-14.22861111,-72.59083333
030706,Apurímac,Grau,Micaela Bastidas,Ayrihuanca,-14.11527778,-72.61416667
030707,Apurímac,Grau,Pataypampa,Pataypampa,-14.1775,-72.6725
030708,Apurímac,Grau,Progreso,Progreso,-14.07222222,-72.47666667
030709,Apurímac,Grau,San Antonio,San Antonio,-14.16944444,-72.62333333
030710,Apurímac,Grau,Santa Rosa,Santa Rosa,-14.13972222,-72.65666667
030711,Apurímac,Grau,Turpay,Turpay,-14.22777778,-72.6225
030712,Apurímac,Grau,Vilcabamba,Vilcabamba,-14.07777778,-72.62472222
030713,Apurímac,Grau,Virundo,San Juan de Virundo,-14.25027778,-72.68111111
030714,Apurímac,Grau,Curasco,Curasco,-14.06194444,-72.56777778
040101,Arequipa,Arequipa,Arequipa,Arequipa,-16.39333333,-71.52888889
040102,Arequipa,Arequipa,Alto Selva Alegre,Selva Alegre,-16.38,-71.52111111
040103,Arequipa,Arequipa,Cayma,Cayma,-16.3625,-71.54416667
040104,Arequipa,Arequipa,Cerro Colorado,La Libertad,-16.37638889,-71.56083333
040105,Arequipa,Arequipa,Characato,Characato,-16.46861111,-71.48444444
040106,Arequipa,Arequipa,Chiguata,Chiguata,-16.40361111,-71.39166667
040107,Arequipa,Arequipa,Jacobo Hunter,Jacobo Hunter,-16.44138889,-71.55861111
040108,Arequipa,Arequipa,La Joya,La Joya,-16.42305556,-71.81833333
040109,Arequipa,Arequipa,Mariano Melgar,Mariano Melgar,-16.40722222,-71.50555556
040110,Arequipa,Arequipa,Miraflores,Miraflores,-16.39472222,-71.5225
040111,Arequipa,Arequipa,Mollebaya,Mollebaya,-16.48722222,-71.46694444
040112,Arequipa,Arequipa,Paucarpata,Paucarpata,-16.43277778,-71.50472222
040113,Arequipa,Arequipa,Pocsi,Pocsi,-16.51777778,-71.38972222
040114,Arequipa,Arequipa,Polobaya,Polobaya Grande,-16.56583333,-71.36833333
040115,Arequipa,Arequipa,Quequeña,Quequeña,-16.55722222,-71.45138889
040116,Arequipa,Arequipa,Sabandia,Sabandia,-16.45694444,-71.49472222
040117,Arequipa,Arequipa,Sachaca,Sachaca,-16.42444444,-71.56638889
040118,Arequipa,Arequipa,San Juan de Siguas,San Juan de Siguas,-16.34611111,-72.12833333
040119,Arequipa,Arequipa,San Juan de Tarucani,Tarucani,-16.18361111,-71.06194444
040120,Arequipa,Arequipa,Santa Isabel de Siguas,Santa Isabel de Siguas,-16.32083333,-72.09888889
040121,Arequipa,Arequipa,Santa Rita de Siguas,Santa Rita de Siguas,-16.49361111,-72.09472222
040122,Arequipa,Arequipa,Socabaya,Socabaya,-16.4675,-71.52861111
040123,Arequipa,Arequipa,Tiabaya,Tiabaya,-16.44944444,-71.59166667
040124,Arequipa,Arequipa,Uchumayo,Uchumayo,-16.42527778,-71.6725
040125,Arequipa,Arequipa,Vitor,Vitor,-16.46583333,-71.93583333
040126,Arequipa,Arequipa,Yanahuara,Yanahuara,-16.38194444,-71.53638889
040127,Arequipa,Arequipa,Yarabamba,Yarabamba,-16.54666667,-71.47555556
040128,Arequipa,Arequipa,Yura,Yura,-16.24694444,-71.70638889
040129,Arequipa,Arequipa,José Luis Bustamante y Rivero,Ciudad Satélite,-16.42666667,-71.52388889
040201,Arequipa,Camaná,Camaná,Camaná,-16.62472222,-72.71138889
040202,Arequipa,Camaná,José María Quimper,El Cardo,-16.60194444,-72.72722222
040203,Arequipa,Camaná,Mariano Nicolás Valcárcel,Urasqui,-16.03138889,-73.17444444
040204,Arequipa,Camaná,Mariscal Cáceres,San Jose,-16.61972222,-72.73611111
040205,Arequipa,Camaná,Nicolás de Piérola,San Gregorio,-16.57305556,-72.71583333
040206,Arequipa,Camaná,Ocoña,Ocoña,-16.43166667,-73.105
040207,Arequipa,Camaná,Quilca,Quilca,-16.71694444,-72.42555556
040208,Arequipa,Camaná,Samuel Pastor,La Pampa,-16.61361111,-72.69916667
040301,Arequipa,Caravelí,Caravelí,Caravelí,-15.7725,-73.36583333
040302,Arequipa,Caravelí,Acarí,Acari,-15.43555556,-74.61638889
040303,Arequipa,Caravelí,Atico,Atico,-16.20833333,-73.62361111
040304,Arequipa,Caravelí,Atiquipa,Atiquipa,-15.79611111,-74.36361111
040305,Arequipa,Caravelí,Bella Unión,Bella Unión,-15.45055556,-74.65833333
040306,Arequipa,Caravelí,Cahuacho,Cahuacho,-15.50277778,-73.47972222
040307,Arequipa,Caravelí,Chala,Chala,-15.86555556,-74.2475
040308,Arequipa,Caravelí,Chaparra,Achanizo,-15.80527778,-73.96694444
040309,Arequipa,Caravelí,Huanuhuanu,Tocota,-15.65888889,-74.09138889
040310,Arequipa,Caravelí,Jaqui,Jaqui,-15.47916667,-74.44361111
040311,Arequipa,Caravelí,Lomas,Lomas,-15.56972222,-74.85138889
040312,Arequipa,Caravelí,Quicacha,Quicacha,-15.625,-73.79833333
040313,Arequipa,Caravelí,Yauca,Yauca,-15.66194444,-74.52722222
040401,Arequipa,Castilla,Aplao,Aplao,-16.07611111,-72.49222222
040402,Arequipa,Castilla,Andagua,Andagua,-15.49888889,-72.35611111
040403,Arequipa,Castilla,Ayo,Ayo,-15.68277778,-72.27194444
040404,Arequipa,Castilla,Chachas,Chachas,-15.50138889,-72.27055556
040405,Arequipa,Castilla,Chilcaymarca,Chilcaymarca,-15.28611111,-72.37666667
040406,Arequipa,Castilla,Choco,Choco,-15.57666667,-72.12888889
040407,Arequipa,Castilla,Huancarqui,Huancarqui,-16.09611111,-72.47222222
040408,Arequipa,Castilla,Machaguay,Machaguay,-15.65027778,-72.50611111
040409,Arequipa,Castilla,Orcopampa,Orcopampa,-15.2625,-72.34194444
040410,Arequipa,Castilla,Pampacolca,Pampacolca,-15.71333333,-72.57388889
040411,Arequipa,Castilla,Tipán,Tipán,-15.72305556,-72.50194444
040412,Arequipa,Castilla,Uñón,Uñón,-15.72861111,-72.43222222
040413,Arequipa,Castilla,Uraca,Corire,-16.22388889,-72.46972222
040414,Arequipa,Castilla,Viraco,Viraco,-15.65833333,-72.525
040501,Arequipa,Caylloma,Chivay,Chivay,-15.64027778,-71.60361111
040502,Arequipa,Caylloma,Achoma,Achoma,-15.66,-71.70361111
040503,Arequipa,Caylloma,Cabanaconde,Cabanaconde,-15.62,-71.98194444
040504,Arequipa,Caylloma,Callalli,Callalli,-15.50638889,-71.44472222
040505,Arequipa,Caylloma,Caylloma,Caylloma,-15.18888889,-71.77333333
040506,Arequipa,Caylloma,Coporaque,Coporaque,-15.62722222,-71.64611111
040507,Arequipa,Caylloma,Huambo,Huambo,-15.72944444,-72.10972222
040508,Arequipa,Caylloma,Huanca,Huanca,-16.03361111,-71.87805556
040509,Arequipa,Caylloma,Ichupampa,Ichupampa,-15.65,-71.68666667
040510,Arequipa,Caylloma,Lari,Lari,-15.61833333,-71.7725
040511,Arequipa,Caylloma,Lluta,Lluta,-16.01555556,-72.01388889
040512,Arequipa,Caylloma,Maca,Maca,-15.64138889,-71.76833333
040513,Arequipa,Caylloma,Madrigal,Madrigal,-15.60833333,-71.8075
040514,Arequipa,Caylloma,San Antonio de Chuca,San Antonio de Chuca,-15.83888889,-71.09055556
040515,Arequipa,Caylloma,Sibayo,Sibayo,-15.48611111,-71.45694444
040516,Arequipa,Caylloma,Tapay,Tapay,-15.5775,-71.93972222
040517,Arequipa,Caylloma,Tisco,Tisco,-15.34694444,-71.44638889
040518,Arequipa,Caylloma,Tuti,Tuti,-15.53305556,-71.55305556
040519,Arequipa,Caylloma,Yanque,Yanque,-15.64833333,-71.66083333
040520,Arequipa,Caylloma,Majes,El Pedregal,-16.35333333,-72.24722222
040601,Arequipa,Condesuyos,Chuquibamba,Chuquibamba,-15.83944444,-72.65166667
040602,Arequipa,Condesuyos,Andaray,Andaray,-15.79722222,-72.86083333
040603,Arequipa,Condesuyos,Cayarani,Cayarani,-14.67194444,-72.02194444
040604,Arequipa,Condesuyos,Chichas,Chichas,-15.54777778,-72.91861111
040605,Arequipa,Condesuyos,Iray,Iray,-15.85361111,-72.63
040606,Arequipa,Condesuyos,Río Grande,Iquipi,-15.94,-73.13111111
040607,Arequipa,Condesuyos,Salamanca,Salamanca,-15.50444444,-72.83444444
040608,Arequipa,Condesuyos,Yanaquihua,Yanaquihua,-15.77555556,-72.87638889
040701,Arequipa,Islay,Mollendo,Mollendo,-17.02916667,-72.01638889
040702,Arequipa,Islay,Cocachacra,Cocachacra,-17.09111111,-71.77388889
040703,Arequipa,Islay,Dean Valdivia,La Curva,-17.145,-71.82666667
040704,Arequipa,Islay,Islay,Islay (Matarani),-17.00083333,-72.0975
040705,Arequipa,Islay,Mejía,Mejía,-17.10111111,-71.9075
040706,Arequipa,Islay,Punta de Bombón,Punta de Bombón,-17.15611111,-71.78472222
040801,Arequipa,La Unión,Cotahuasi,Cotahuasi,-15.21277778,-72.88944444
040802,Arequipa,La Unión,Alca,Alca,-15.13416667,-72.765
040803,Arequipa,La Unión,Charcana,Charcana,-15.24055556,-73.07055556
040804,Arequipa,La Unión,Huaynacotas,Taurisma,-15.17472222,-72.84972222
040805,Arequipa,La Unión,Pampamarca,Mungui,-15.1825,-72.90527778
040806,Arequipa,La Unión,Puyca,Puyca,-15.05916667,-72.69166667
040807,Arequipa,La Unión,Quechualla,Velinga,-15.27388889,-73.02222222
040808,Arequipa,La Unión,Sayla,Sayla,-15.32,-73.22194444
040809,Arequipa,La Unión,Tauria,Tauria,-15.35416667,-73.2325
040810,Arequipa,La Unión,Tomepampa,Tomepampa,-15.17305556,-72.83027778
040811,Arequipa,La Unión,Toro,Toro,-15.26444444,-72.92833333
050101,Ayacucho,Huamanga,Ayacucho,Ayacucho,-13.16027778,-74.22527778
050102,Ayacucho,Huamanga,Acocro,Acocro,-13.21861111,-74.04194444
050103,Ayacucho,Huamanga,Acos Vinchos,Acos Vinchos,-13.11305556,-74.1
050104,Ayacucho,Huamanga,Carmen Alto,Carmen Alto,-13.17944444,-74.22055556
050105,Ayacucho,Huamanga,Chiara,Chiara,-13.27277778,-74.20583333
050106,Ayacucho,Huamanga,Ocros,Ocros,-13.39055556,-73.91555556
050107,Ayacucho,Huamanga,Pacaycasa,Pacaycasa,-13.0575,-74.21583333
050108,Ayacucho,Huamanga,Quinua,Quinua,-13.04916667,-74.13916667
050109,Ayacucho,Huamanga,San José de Ticllas,Ticllas,-13.13222222,-74.33305556
050110,Ayacucho,Huamanga,San Juan Bautista,San Juan Bautista,-13.16666667,-74.22361111
050111,Ayacucho,Huamanga,Santiago de Pischa,San Pedro de Cachi,-13.08555556,-74.39333333
050112,Ayacucho,Huamanga,Socos,Socos,-13.215,-74.28944444
050113,Ayacucho,Huamanga,Tambillo,Tambillo,-13.19472222,-74.11055556
050114,Ayacucho,Huamanga,Vinchos,Vinchos,-13.24166667,-74.35416667
050115,Ayacucho,Huamanga,Jesús Nazareno,Las Nazarenas,-13.15416667,-74.2125
050116,Ayacucho,Huamanga,Andrés Avelino Cáceres Dorregaray,Jardín,-13.16277778,-74.21388889
050201,Ayacucho,Cangallo,Cangallo,Cangallo,-13.62916667,-74.14388889
050202,Ayacucho,Cangallo,Chuschi,Chuschi,-13.585,-74.35166667
050203,Ayacucho,Cangallo,Los Morochucos,Pampa-Cangallo,-13.5575,-74.195
050204,Ayacucho,Cangallo,María Parado de Bellido,Pomabamba,-13.60472222,-74.23638889
050205,Ayacucho,Cangallo,Paras,Paras,-13.5525,-74.62777778
050206,Ayacucho,Cangallo,Totos,Totos,-13.5675,-74.52277778
050301,Ayacucho,Huanca Sancos,Sancos,Huanca Sancos,-13.91972222,-74.33416667
050302,Ayacucho,Huanca Sancos,Carapo,Carapo,-13.8375,-74.31555556
050303,Ayacucho,Huanca Sancos,Sacsamarca,Sacsamarca,-13.94277778,-74.31277778
050304,Ayacucho,Huanca Sancos,Santiago de Lucanamarca,Santiago de Lucanamarca,-13.84388889,-74.37222222
050401,Ayacucho,Huanta,Huanta,Huanta,-12.93944444,-74.24805556
050402,Ayacucho,Huanta,Ayahuanco,Viracochan,-12.59388889,-74.33083333
050403,Ayacucho,Huanta,Huamanguilla,Huamanguilla,-13.01111111,-74.17305556
050404,Ayacucho,Huanta,Iguain,Macachacra,-12.9925,-74.20888889
050405,Ayacucho,Huanta,Luricocha,Luricocha,-12.89972222,-74.27361111
050406,Ayacucho,Huanta,Santillana,San Jose de Secce,-12.76638889,-74.25305556
050407,Ayacucho,Huanta,Sivia,Sivia,-12.51194444,-73.85888889
050408,Ayacucho,Huanta,Llochegua,Llochegua,-12.41,-73.90638889
050409,Ayacucho,Huanta,Canayre,Canayre,-12.28222222,-74.02305556
050410,Ayacucho,Huanta,Uchuraccay,Huaynacancha,-12.76138889,-74.14555556
050411,Ayacucho,Huanta,Pucacolpa,Huallhua,-12.42055556,-74.48916667
050412,Ayacucho,Huanta,Chaca,Chaca,-12.78416667,-74.20583333
050413,Ayacucho,Huanta,Putis,Rodeo,-12.62666667,-74.19444444
050501,Ayacucho,La Mar,San Miguel,San Miguel,-13.01277778,-73.98111111
050502,Ayacucho,La Mar,Anco,Chiquintirca,-13.06027778,-73.70694444
050503,Ayacucho,La Mar,Ayna,San Francisco,-12.62416667,-73.78944444
050504,Ayacucho,La Mar,Chilcas,Chilcas,-13.17111111,-73.90638889
050505,Ayacucho,La Mar,Chungui,Chungui,-13.22222222,-73.62166667
050506,Ayacucho,La Mar,Luis Carranza,Pampas,-13.22888889,-73.89444444
050507,Ayacucho,La Mar,Santa Rosa,Santa Rosa,-12.68777778,-73.73583333
050508,Ayacucho,La Mar,Tambo,Tambo,-12.94805556,-74.02083333
050509,Ayacucho,La Mar,Samugari,Palmapampa,-12.76833333,-73.65555556
050510,Ayacucho,La Mar,Anchihuay,Anchihuay,-12.86361111,-73.5825
050511,Ayacucho,La Mar,Oronccoy,Oronccoy,-13.38083333,-73.43611111
050512,Ayacucho,La Mar,Unión Progreso,San Antonio,-12.93277778,-73.53333333
050513,Ayacucho,La Mar,Río Magdalena,Monterrico,-12.82583333,-73.59222222
050514,Ayacucho,La Mar,Ninabamba,Ninabamba,-13.09027778,-73.91638889
050515,Ayacucho,La Mar,Patibamba,Patibamba,-13.06416667,-73.94194444
050601,Ayacucho,Lucanas,Puquio,Puquio,-14.69416667,-74.12444444
050602,Ayacucho,Lucanas,Aucara,Aucara,-14.28111111,-73.97527778
050603,Ayacucho,Lucanas,Cabana,Cabana,-14.28833333,-73.96722222
050604,Ayacucho,Lucanas,Carmen Salcedo,Andamarca,-14.38777778,-73.96194444
050605,Ayacucho,Lucanas,Chaviña,Chaviña,-14.97944444,-73.8375
050606,Ayacucho,Lucanas,Chipao,Chipao,-14.36583333,-73.87611111
050607,Ayacucho,Lucanas,Huac-Huas,Huac-Huas,-14.13166667,-74.94222222
050608,Ayacucho,Lucanas,Laramate,Laramate,-14.28611111,-74.8425
050609,Ayacucho,Lucanas,Leoncio Prado,Tambo Quemado,-14.72888889,-74.67027778
050610,Ayacucho,Lucanas,Llauta,Llauta,-14.24361111,-74.92027778
050611,Ayacucho,Lucanas,Lucanas,Lucanas,-14.6225,-74.23305556
050612,Ayacucho,Lucanas,Ocaña,Ocaña,-14.39888889,-74.82277778
050613,Ayacucho,Lucanas,Otoca,Otoca,-14.49,-74.68666667
050614,Ayacucho,Lucanas,Saisa,Saisa,-14.94027778,-74.41722222
050615,Ayacucho,Lucanas,San Cristóbal,San Cristóbal,-14.74305556,-74.22222222
050616,Ayacucho,Lucanas,San Juan,San Juan,-14.65166667,-74.19916667
050617,Ayacucho,Lucanas,San Pedro,San Pedro,-14.76694444,-74.09777778
050618,Ayacucho,Lucanas,San Pedro de Palco,San Pedro de Palco,-14.41194444,-74.65138889
050619,Ayacucho,Lucanas,Sancos,Sancos,-15.06277778,-73.95222222
050620,Ayacucho,Lucanas,Santa Ana de Huaycahuacho,Santa Ana de Huaycahuacho,-14.22638889,-73.95666667
050621,Ayacucho,Lucanas,Santa Lucia,Santa Lucia,-14.97833333,-74.52388889
050701,Ayacucho,Parinacochas,Coracora,Coracora,-15.01694444,-73.78138889
050702,Ayacucho,Parinacochas,Chumpi,Chumpi,-15.09444444,-73.74805556
050703,Ayacucho,Parinacochas,Coronel Castañeda,Aniso,-14.80722222,-73.28222222
050704,Ayacucho,Parinacochas,Pacapausa,Pacapausa,-14.95027778,-73.36777778
050705,Ayacucho,Parinacochas,Pullo,Pullo,-15.21,-73.82666667
050706,Ayacucho,Parinacochas,Puyusca,Incuyo,-15.24694444,-73.56944444
050707,Ayacucho,Parinacochas,San Francisco de Rivacayco,San Francisco de Rivacayco,-14.99694444,-73.35111111
050708,Ayacucho,Parinacochas,Upahuacho,Upahuacho,-14.90722222,-73.3975
050801,Ayacucho,Páucar del Sara Sara,Pausa,Pausa,-15.27861111,-73.34416667
050802,Ayacucho,Páucar del Sara Sara,Colta,Colta,-15.16277778,-73.29388889
050803,Ayacucho,Páucar del Sara Sara,Corculla,Corculla,-15.26277778,-73.20027778
050804,Ayacucho,Páucar del Sara Sara,Lampa,Lampa,-15.185,-73.34916667
050805,Ayacucho,Páucar del Sara Sara,Marcabamba,Marcabamba,-15.14972222,-73.34166667
050806,Ayacucho,Páucar del Sara Sara,Oyolo,Oyolo,-15.18,-73.18527778
050807,Ayacucho,Páucar del Sara Sara,Pararca,Pararca,-15.2175,-73.46472222
050808,Ayacucho,Páucar del Sara Sara,San Javier de Alpabamba,San Javier de Alpabamba,-15.05666667,-73.32222222
050809,Ayacucho,Páucar del Sara Sara,San José de Ushua,San José de Ushua,-15.225,-73.22666667
050810,Ayacucho,Páucar del Sara Sara,Sara Sara,Quilcata,-15.24527778,-73.45305556
050901,Ayacucho,Sucre,Querobamba,Querobamba,-14.01166667,-73.83861111
050902,Ayacucho,Sucre,Belén,Belén,-13.80888889,-73.7575
050903,Ayacucho,Sucre,Chalcos,Chalcos,-13.84805556,-73.75416667
050904,Ayacucho,Sucre,Chilcayoc,Chilcayoc,-13.88305556,-73.72722222
050905,Ayacucho,Sucre,Huacaña,Huacaña,-14.17222222,-73.88638889
050906,Ayacucho,Sucre,Morcolla,Morcolla,-14.10861111,-73.87194444
050907,Ayacucho,Sucre,Paico,Paico,-14.03833333,-73.64222222
050908,Ayacucho,Sucre,San Pedro de Larcay,San Pedro de Larcay,-14.16861111,-73.57277778
050909,Ayacucho,Sucre,San Salvador de Quije,San Salvador de Quije,-13.96833333,-73.73472222
050910,Ayacucho,Sucre,Santiago de Paucaray,Santiago de Paucaray,-14.04444444,-73.6375
050911,Ayacucho,Sucre,Soras,Soras,-14.11444444,-73.60444444
051001,Ayacucho,Víctor Fajardo,Huancapi,Huancapi,-13.75222222,-74.06666667
051002,Ayacucho,Víctor Fajardo,Alcamenca,Alcamenca,-13.65722222,-74.14722222
051003,Ayacucho,Víctor Fajardo,Apongo,Apongo,-14.01333333,-73.93222222
051004,Ayacucho,Víctor Fajardo,Asquipata,Asquipata,-14.05472222,-73.90944444
051005,Ayacucho,Víctor Fajardo,Canaria,Canaria,-13.92305556,-73.90472222
051006,Ayacucho,Víctor Fajardo,Cayara,Cayara,-13.79527778,-73.98861111
051007,Ayacucho,Víctor Fajardo,Colca,Colca,-13.7125,-74.03388889
051008,Ayacucho,Víctor Fajardo,Huamanquiquia,Huamanquiquia,-13.72916667,-74.27222222
051009,Ayacucho,Víctor Fajardo,Huancaraylla,Huancaraylla,-13.71888889,-74.1025
051010,Ayacucho,Víctor Fajardo,Hualla,San Pedro de Huaya,-13.85,-73.95083333
051011,Ayacucho,Víctor Fajardo,Sarhua,Sarhua,-13.67277778,-74.32027778
051012,Ayacucho,Víctor Fajardo,Vilcanchos,Vilcanchos,-13.61138889,-74.5325
051101,Ayacucho,Vilcas Huamán,Vilcas Huamán,Vilcas Huamán,-13.6525,-73.95388889
051102,Ayacucho,Vilcas Huamán,Accomarca,Accomarca,-13.80055556,-73.90416667
051103,Ayacucho,Vilcas Huamán,Carhuanca,Carhuanca,-13.7425,-73.78722222
051104,Ayacucho,Vilcas Huamán,Concepción,Concepción,-13.5325,-73.87527778
051105,Ayacucho,Vilcas Huamán,Huambalpa,Huambalpa,-13.75027778,-73.93166667
051106,Ayacucho,Vilcas Huamán,Independencia,Paccha Huallhua,-13.85277778,-73.87722222
051107,Ayacucho,Vilcas Huamán,Saurama,Saurama,-13.69555556,-73.75944444
051108,Ayacucho,Vilcas Huamán,Vischongo,Vischongo,-13.58916667,-73.99527778
060101,Cajamarca,Cajamarca,Cajamarca,Cajamarca,-7.15472222,-78.51083333
060102,Cajamarca,Cajamarca,Asunción,Asunción,-7.32472222,-78.51861111
060103,Cajamarca,Cajamarca,Chetilla,Chetilla,-7.14694444,-78.67333333
060104,Cajamarca,Cajamarca,Cospán,Cospán,-7.42722222,-78.54222222
060105,Cajamarca,Cajamarca,Encañada,Encañada,-7.08694444,-78.34444444
060106,Cajamarca,Cajamarca,Jesús,Jesús,-7.24861111,-78.37916667
060107,Cajamarca,Cajamarca,Llacanora,Llacanora,-7.19361111,-78.42666667
060108,Cajamarca,Cajamarca,Los Baños del Inca,Los Baños del Inca,-7.16361111,-78.46444444
060109,Cajamarca,Cajamarca,Magdalena,Magdalena,-7.25083333,-78.65972222
060110,Cajamarca,Cajamarca,Matara,Matara,-7.25472222,-78.25972222
060111,Cajamarca,Cajamarca,Namora,Namora,-7.20277778,-78.32472222
060112,Cajamarca,Cajamarca,San Juan,San Juan,-7.29166667,-78.4975
060201,Cajamarca,Cajabamba,Cajabamba,Cajabamba,-7.62305556,-78.04611111
060202,Cajamarca,Cajabamba,Cachachi,Cachachi,-7.44888889,-78.26888889
060203,Cajamarca,Cajabamba,Condebamba,Cauday,-7.57361111,-78.06972222
060204,Cajamarca,Cajabamba,Sitacocha,Lluchubamba,-7.51944444,-77.96944444
060301,Cajamarca,Celendín,Celendín,Celendín,-6.86694444,-78.14305556
060302,Cajamarca,Celendín,Chumuch,Chumuch,-6.60277778,-78.20027778
060303,Cajamarca,Celendín,Cortegana,Chimuch (Cortegana),-6.51305556,-78.32888889
060304,Cajamarca,Celendín,Huasmín,Huasmín,-6.8375,-78.24472222
060305,Cajamarca,Celendín,Jorge Chávez,Lucmapampa,-6.94111111,-78.09166667
060306,Cajamarca,Celendín,José Gálvez,Huacapampa,-6.92555556,-78.13277778
060307,Cajamarca,Celendín,Miguel Iglesias,Chalan,-6.65027778,-78.2325
060308,Cajamarca,Celendín,Oxamarca,Oxamarca,-7.04222222,-78.06833333
060309,Cajamarca,Celendín,Sorochuco,Sorochuco,-6.91194444,-78.25527778
060310,Cajamarca,Celendín,Sucre,Sucre,-6.94277778,-78.13527778
060311,Cajamarca,Celendín,Utco,Utco,-6.89638889,-78.06333333
060312,Cajamarca,Celendín,La Libertad de Pallán,La Libertad de  Pallán,-6.72388889,-78.2825
060401,Cajamarca,Chota,Chota,Chota,-6.55972222,-78.64694444
060402,Cajamarca,Chota,Anguia,Anguia,-6.34194444,-78.60527778
060403,Cajamarca,Chota,Chadin,Chadin,-6.47138889,-78.41944444
060404,Cajamarca,Chota,Chiguirip,Chiguirip,-6.42833333,-78.72138889
060405,Cajamarca,Chota,Chimbán,Chimbán,-6.25166667,-78.47888889
060406,Cajamarca,Chota,Choropampa,Choropampa,-6.37111111,-78.41194444
060407,Cajamarca,Chota,Cochabamba,Cochabamba,-6.47388889,-78.88583333
060408,Cajamarca,Chota,Conchán,Conchán,-6.44472222,-78.65583333
060409,Cajamarca,Chota,Huambos,Huambos,-6.45277778,-78.96111111
060410,Cajamarca,Chota,Lajas,Lajas,-6.56055556,-78.73472222
060411,Cajamarca,Chota,Llama,Llama,-6.51444444,-79.12027778
060412,Cajamarca,Chota,Miracosta,Miracosta,-6.40444444,-79.28361111
060413,Cajamarca,Chota,Paccha,Paccha,-6.4975,-78.42361111
060414,Cajamarca,Chota,Pion,Pion,-6.17777778,-78.4825
060415,Cajamarca,Chota,Querocoto,Querocoto,-6.35972222,-79.03444444
060416,Cajamarca,Chota,San Juan de Licupis,Licupis,-6.42416667,-79.24222222
060417,Cajamarca,Chota,Tacabamba,Tacabamba,-6.39277778,-78.61138889
060418,Cajamarca,Chota,Tocmoche,Tocmoche,-6.41277778,-79.36083333
060419,Cajamarca,Chota,Chalamarca,Chalamarca,-6.50305556,-78.47972222
060501,Cajamarca,Contumazá,Contumazá,Contumazá,-7.36666667,-78.80527778
060502,Cajamarca,Contumazá,Chilete,Chilete,-7.22138889,-78.83972222
060503,Cajamarca,Contumazá,Cupisnique,Trinidad,-7.34888889,-79.02972222
060504,Cajamarca,Contumazá,Guzmango,Guzmango,-7.38388889,-78.89611111
060505,Cajamarca,Contumazá,San Benito,San Benito,-7.425,-78.9275
060506,Cajamarca,Contumazá,Santa Cruz de Toled,Santa Cruz de Toled,-7.34444444,-78.83666667
060507,Cajamarca,Contumazá,Tantarica,Catan,-7.30055556,-78.93305556
060508,Cajamarca,Contumazá,Yonán,Tembladera,-7.25305556,-79.13111111
060601,Cajamarca,Cutervo,Cutervo,Cutervo,-6.37722222,-78.81805556
060602,Cajamarca,Cutervo,Callayuc,Callayuc,-6.18111111,-78.91055556
060603,Cajamarca,Cutervo,Choros,Choros,-5.9,-78.69388889
060604,Cajamarca,Cutervo,Cujillo,Cujillo,-6.10694444,-78.57388889
060605,Cajamarca,Cutervo,La Ramada,La Ramada,-6.25333333,-78.57555556
060606,Cajamarca,Cutervo,Pimpingos,Pimpingos,-6.06194444,-78.75861111
060607,Cajamarca,Cutervo,Querocotillo,Querocotillo,-6.27361111,-79.03777778
060608,Cajamarca,Cutervo,San Andrés de Cutervo,San Andrés de Cutervo,-6.23888889,-78.71277778
060609,Cajamarca,Cutervo,San Juan de Cutervo,San Juan de Cutervo,-6.16305556,-78.59805556
060610,Cajamarca,Cutervo,San Luis de Lucma,San Luis de Lucma,-6.29388889,-78.60361111
060611,Cajamarca,Cutervo,Santa Cruz,Santa Cruz,-6.095,-78.85277778
060612,Cajamarca,Cutervo,Santo Domingo de La Capilla,Santo Domingo de La Capilla,-6.24472222,-78.85527778
060613,Cajamarca,Cutervo,Santo Tomás,Santo Tomás,-6.15138889,-78.68194444
060614,Cajamarca,Cutervo,Socota,Socota,-6.31527778,-78.69944444
060615,Cajamarca,Cutervo,Toribio Casanova,La Sacilia,-6.00416667,-78.69833333
060701,Cajamarca,Hualgayoc,Bambamarca,Bambamarca,-6.67972222,-78.51888889
060702,Cajamarca,Hualgayoc,Chugur,Chugur,-6.67083333,-78.73833333
060703,Cajamarca,Hualgayoc,Hualgayoc,Hualgayoc,-6.76472222,-78.60805556
060801,Cajamarca,Jaén,Jaén,Jaén,-5.70888889,-78.80916667
060802,Cajamarca,Jaén,Bellavista,Bellavista,-5.66777778,-78.67722222
060803,Cajamarca,Jaén,Chontali,Chontali,-5.64611111,-79.08833333
060804,Cajamarca,Jaén,Colasay,Colasay,-5.97861111,-79.06861111
060805,Cajamarca,Jaén,Huabal,Huabal,-5.6125,-78.89972222
060806,Cajamarca,Jaén,Las Pirias,Las Pirias,-5.62722222,-78.85277778
060807,Cajamarca,Jaén,Pomahuaca,Pomahuaca,-5.93138889,-79.22944444
060808,Cajamarca,Jaén,Pucará,Pucará,-6.04138889,-79.12833333
060809,Cajamarca,Jaén,Sallique,Sallique,-5.65805556,-79.31527778
060810,Cajamarca,Jaén,San Felipe,San Felipe,-5.77027778,-79.31388889
060811,Cajamarca,Jaén,San José del Alto,San José del Alto,-5.465,-79.01777778
060812,Cajamarca,Jaén,Santa Rosa,Santa Rosa,-5.43416667,-78.56666667
060901,Cajamarca,San Ignacio,San Ignacio,San Ignacio,-5.14611111,-79.00472222
060902,Cajamarca,San Ignacio,Chirinos,Chirinos,-5.30583333,-78.89833333
060903,Cajamarca,San Ignacio,Huarango,Huarango,-5.27222222,-78.77583333
060904,Cajamarca,San Ignacio,La Coipa,La Coipa,-5.39277778,-78.90638889
060905,Cajamarca,San Ignacio,Namballe,Namballe,-5.00416667,-79.08722222
060906,Cajamarca,San Ignacio,San José de Lourdes,San José de Lourdes,-5.10305556,-78.91416667
060907,Cajamarca,San Ignacio,Tabaconas,Tabaconas,-5.31611111,-79.28333333
061001,Cajamarca,San Marcos,Pedro Gálvez,San Marcos,-7.33583333,-78.17
061002,Cajamarca,San Marcos,Chancay,Chancay,-7.38805556,-78.12333333
061003,Cajamarca,San Marcos,Eduardo Villanueva,La Grama,-7.46444444,-78.13
061004,Cajamarca,San Marcos,Gregorio Pita,Paucamarca,-7.27361111,-78.16
061005,Cajamarca,San Marcos,Ichocán,Ichocán,-7.36888889,-78.12972222
061006,Cajamarca,San Marcos,José Manuel Quiroz,Shirac,-7.34944444,-78.04777778
061007,Cajamarca,San Marcos,José Sabogal,Venecia,-7.25111111,-78.03666667
061101,Cajamarca,San Miguel,San Miguel,San Miguel de Pallaques,-7,-78.85
061102,Cajamarca,San Miguel,Bolívar,Bolívar,-6.97694444,-79.17805556
061103,Cajamarca,San Miguel,Calquis,Calquis,-6.98027778,-78.85
061104,Cajamarca,San Miguel,Catilluc,Catilluc,-6.80166667,-78.77916667
061105,Cajamarca,San Miguel,El Prado,El Prado,-7.03361111,-79.01083333
061106,Cajamarca,San Miguel,La Florida,La Florida,-6.86861111,-79.12583333
061107,Cajamarca,San Miguel,Llapa,Llapa,-6.98083333,-78.8075
061108,Cajamarca,San Miguel,Nanchoc,Nanchoc,-6.95944444,-79.2425
061109,Cajamarca,San Miguel,Niepos,Niepos,-6.92666667,-79.13
061110,Cajamarca,San Miguel,San Gregorio,San Gregorio,-7.05694444,-79.09527778
061111,Cajamarca,San Miguel,San Silvestre de Cochán,San Silvestre de Cochán,-6.9775,-78.77388889
061112,Cajamarca,San Miguel,Tongod,Tongod,-6.7575,-78.825
061113,Cajamarca,San Miguel,Unión Agua Blanca,Agua Blanca,-7.04666667,-79.06055556
061201,Cajamarca,San Pablo,San Pablo,San Pablo,-7.11861111,-78.82333333
061202,Cajamarca,San Pablo,San Bernardino,San Bernardino,-7.16805556,-78.82916667
061203,Cajamarca,San Pablo,San Luis,San Luis Grande,-7.15694444,-78.86805556
061204,Cajamarca,San Pablo,Tumbadén,Tumbadén,-7.02527778,-78.73972222
061301,Cajamarca,Santa Cruz,Santa Cruz,Santa Cruz de Succhabamba,-6.62583333,-78.94416667
061302,Cajamarca,Santa Cruz,Andabamba,Andabamba,-6.66277778,-78.81694444
061303,Cajamarca,Santa Cruz,Catache,Catache,-6.67361111,-79.03277778
061304,Cajamarca,Santa Cruz,Chancaybaños,Chancaybaños,-6.57611111,-78.8675
061305,Cajamarca,Santa Cruz,La Esperanza,La Esperanza,-6.5925,-78.89583333
061306,Cajamarca,Ninabamba,Ninabamba,Ninabamba,-6.64972222,-78.7875
061307,Cajamarca,Santa Cruz,Pulán,Pulán,-6.73888889,-78.92027778
061308,Cajamarca,Santa Cruz,Saucepampa,Saucepampa,-6.69138889,-78.91611111
061309,Cajamarca,Santa Cruz,Sexi,Sexi,-6.56416667,-79.05138889
061310,Cajamarca,Santa Cruz,Uticyacu,Uticyacu,-6.60666667,-78.79388889
061311,Cajamarca,Santa Cruz,Yauyucán,Yauyucán,-6.67722222,-78.81861111
070101,Callao,Callao,Callao,Callao,-12.06305556,-77.14694444
070102,Callao,Callao,Bellavista,Bellavista,-12.0625,-77.12916667
070103,Callao,Callao,Carmen de La Legua Reynoso,Carmen de La Legua Reynoso,-12.03944444,-77.09027778
070104,Callao,Callao,La Perla,La Perla,-12.06583333,-77.10805556
070105,Callao,Callao,La Punta,La Punta,-12.07277778,-77.16333333
070106,Callao,Callao,Ventanilla,Ventanilla,-11.87722222,-77.12777778
070107,Callao,Callao,Mi Perú,Mi Perú,-11.855,-77.125
080101,Cusco,Cusco,Cusco,Cusco,-13.51916667,-71.97666667
080102,Cusco,Cusco,Ccorca,Ccorca,-13.58472222,-72.05916667
080103,Cusco,Cusco,Poroy,Poroy,-13.49444444,-72.04472222
080104,Cusco,Cusco,San Jerónimo,San Jerónimo,-13.54444444,-71.88361111
080105,Cusco,Cusco,San Sebastián,San Sebastián,-13.53027778,-71.93694444
080106,Cusco,Cusco,Santiago,Santiago,-13.52583333,-71.98305556
080107,Cusco,Cusco,Saylla,Saylla,-13.57,-71.82777778
080108,Cusco,Cusco,Wanchaq,Wanchaq,-13.52138889,-71.96666667
080201,Cusco,Acomayo,Acomayo,Acomayo,-13.91944444,-71.68361111
080202,Cusco,Acomayo,Acopia,Acopia,-14.0575,-71.49333333
080203,Cusco,Acomayo,Acos,Acos,-13.95111111,-71.73805556
080204,Cusco,Acomayo,Mosoc Llacta,Mosoc Llacta,-14.12027778,-71.47305556
080205,Cusco,Acomayo,Pomacanchi,Pomacanchi,-14.03361111,-71.57416667
080206,Cusco,Acomayo,Rondocán,Rondocán,-13.77944444,-71.78194444
080207,Cusco,Acomayo,Sangarara,Sangarara,-13.94722222,-71.60333333
080301,Cusco,Anta,Anta,Anta,-13.45777778,-72.1475
080302,Cusco,Anta,Ancahuasi,Ancahuasi,-13.45722222,-72.30083333
080303,Cusco,Anta,Cachimayo,Cachimayo,-13.47777778,-72.06888889
080304,Cusco,Anta,Chinchaypujio,Chinchaypujio,-13.62972222,-72.23305556
080305,Cusco,Anta,Huarocondo,Huarocondo,-13.41583333,-72.2075
080306,Cusco,Anta,Limatambo,Limatambo,-13.47972222,-72.44277778
080307,Cusco,Anta,Mollepata,Mollepata,-13.50916667,-72.52777778
080308,Cusco,Anta,Pucyura,Pucyura,-13.47888889,-72.11111111
080309,Cusco,Anta,Zurite,Zurite,-13.45583333,-72.25583333
080401,Cusco,Calca,Calca,Calca,-13.32111111,-71.95555556
080402,Cusco,Calca,Coya,Coya,-13.38638889,-71.89833333
080403,Cusco,Calca,Lamay,Lamay,-13.36444444,-71.92083333
080404,Cusco,Calca,Lares,Lares,-13.10416667,-72.04472222
080405,Cusco,Calca,Pisac,Pisac,-13.42055556,-71.85055556
080406,Cusco,Calca,San Salvador,San Salvador,-13.49194444,-71.77861111
080407,Cusco,Calca,Taray,Taray,-13.42777778,-71.86694444
080408,Cusco,Calca,Yanatile,Quebrada Honda,-12.68166667,-72.27722222
080501,Cusco,Canas,Yanaoca,Yanaoca,-14.21666667,-71.43222222
080502,Cusco,Canas,Checca,Checca,-14.47333333,-71.39472222
080503,Cusco,Canas,Kunturkanki,El Descanso,-14.53472222,-71.30694444
080504,Cusco,Canas,Langui,Langui,-14.43222222,-71.27277778
080505,Cusco,Canas,Layo,Layo,-14.49416667,-71.15555556
080506,Cusco,Canas,Pampamarca,Pampamarca,-14.1475,-71.46027778
080507,Cusco,Canas,Quehue,Quehue,-14.38027778,-71.45555556
080508,Cusco,Canas,Túpac Amaru,Tungasuca,-14.16388889,-71.47611111
080601,Cusco,Canchis,Sicuani,Sicuani,-14.23805556,-71.23083333
080602,Cusco,Canchis,Checacupe,Checacupe,-14.02527778,-71.45388889
080603,Cusco,Canchis,Combapata,Combapata,-14.10194444,-71.43
080604,Cusco,Canchis,Marangani,Marangani,-14.35666667,-71.16861111
080605,Cusco,Canchis,Pitumarca,Pitumarca,-13.98027778,-71.4175
080606,Cusco,Canchis,San Pablo,San Pablo,-14.20222222,-71.315
080607,Cusco,Canchis,San Pedro,San Pedro,-14.18611111,-71.34305556
080608,Cusco,Canchis,Tinta,Tinta,-14.14527778,-71.40722222
080701,Cusco,Chumbivilcas,Santo Tomás,Santo Tomás,-14.45333333,-72.08222222
080702,Cusco,Chumbivilcas,Capacmarca,Capacmarca,-14.00722222,-72.0025
080703,Cusco,Chumbivilcas,Chamaca,Chamaca,-14.3025,-71.85222222
080704,Cusco,Chumbivilcas,Colquemarca,Colquemarca,-14.28527778,-72.04
080705,Cusco,Chumbivilcas,Livitaca,Livitaca,-14.31277778,-71.68972222
080706,Cusco,Chumbivilcas,Llusco,Llusco,-14.3375,-72.11361111
080707,Cusco,Chumbivilcas,Quiñota,Quiñota,-14.31111111,-72.13861111
080708,Cusco,Chumbivilcas,Velille,Velille,-14.50861111,-71.88111111
080801,Cusco,Espinar,Espinar,Yauri,-14.79305556,-71.41333333
080802,Cusco,Espinar,Condoroma,Condoroma,-15.30055556,-71.13833333
080803,Cusco,Espinar,Coporaque,Coporaque,-14.80027778,-71.53166667
080804,Cusco,Espinar,Ocoruro,Ocoruro,-15.05194444,-71.12916667
080805,Cusco,Espinar,Pallpata,Hector Tejada,-14.89027778,-71.21
080806,Cusco,Espinar,Pichigua,Pichigua,-14.67805556,-71.40638889
080807,Cusco,Espinar,Suyckutambo,Suyckutambo,-15.00861111,-71.64333333
080808,Cusco,Espinar,Alto Pichigua,Accocunca,-14.77694444,-71.25083333
080901,Cusco,La Convención,Santa Ana,Quillabamba,-12.86277778,-72.69333333
080902,Cusco,La Convención,Echarate,Echarate,-12.76805556,-72.57611111
080903,Cusco,La Convención,Huayopata,Ipal,-13.00472222,-72.55444444
080904,Cusco,La Convención,Maranura,Maranura,-12.96277778,-72.66472222
080905,Cusco,La Convención,Ocobamba,Ocobamba,-12.87166667,-72.44722222
080906,Cusco,La Convención,Quellouno,Quellouno,-12.63666667,-72.55722222
080907,Cusco,La Convención,Kimbiri,Kimbiri,-12.62,-73.78916667
080908,Cusco,La Convención,Santa Teresa,Santa Teresa,-13.13055556,-72.59388889
080909,Cusco,La Convención,Vilcabamba,Lucma,-13.06305556,-72.93444444
080910,Cusco,La Convención,Pichari,Pichari,-12.51944444,-73.82916667
080911,Cusco,La Convención,Inkawasi,Amaybamba,-13.29,-73.26555556
080912,Cusco,La Convención,Villa Virgen,Villa Virgen,-13.00277778,-73.51277778
080913,Cusco,La Convención,Villa Kintiarina,Villa Kintiarina,-12.91888889,-73.52833333
080914,Cusco,La Convención,Megantoni,Camisea,-11.72027778,-72.94638889
080915,Cusco,La Convención,Kumpirushiato,Kepashiato,-12.63666667,-73.20416667
080916,Cusco,La Convención,Cielo Punco,Chirumpiari,-12.80805556,-73.60444444
080917,Cusco,La Convención,Manitea,Tawantinsuyo,-12.7925,-73.6225
080918,Cusco,La Convención,Unión Ashaninka,Mantaro,-12.32416667,-73.94
081001,Cusco,Paruro,Paruro,Paruro,-13.76166667,-71.84777778
081002,Cusco,Paruro,Accha,Accha,-13.97111111,-71.83138889
081003,Cusco,Paruro,Ccapi,Ccapi,-13.85305556,-72.0825
081004,Cusco,Paruro,Colcha,Colcha,-13.85194444,-71.80333333
081005,Cusco,Paruro,Huanoquite,Huanoquite,-13.68194444,-72.01805556
081006,Cusco,Paruro,Omacha,Omacha,-14.06944444,-71.73805556
081007,Cusco,Paruro,Paccaritambo,Paccaritambo,-13.75638889,-71.95666667
081008,Cusco,Paruro,Pillpinto,Pillpinto,-13.95361111,-71.76055556
081009,Cusco,Paruro,Yaurisque,Yaurisque,-13.66527778,-71.92055556
081101,Cusco,Paucartambo,Paucartambo,Paucartambo,-13.31777778,-71.59666667
081102,Cusco,Paucartambo,Caicay,Caicay,-13.59722222,-71.69666667
081103,Cusco,Paucartambo,Challabamba,Challabamba,-13.215,-71.64861111
081104,Cusco,Paucartambo,Colquepata,Colquepata,-13.36027778,-71.67361111
081105,Cusco,Paucartambo,Huancarani,Huancarani,-13.50333333,-71.65444444
081106,Cusco,Paucartambo,Kosñipata,Pillcopata,-12.90944444,-71.40333333
081201,Cusco,Quispicanchi,Urcos,Urcos,-13.68777778,-71.62527778
081202,Cusco,Quispicanchi,Andahuaylillas,Andahuaylillas,-13.67333333,-71.67777778
081203,Cusco,Quispicanchi,Camanti,Quince Mil,-13.23138889,-70.75444444
081204,Cusco,Quispicanchi,Ccarhuayo,Ccarhuayo,-13.59527778,-71.39972222
081205,Cusco,Quispicanchi,Ccatca,Ccatca,-13.60527778,-71.56361111
081206,Cusco,Quispicanchi,Cusipata,Cusipata,-13.90694444,-71.5025
081207,Cusco,Quispicanchi,Huaro,Huaro,-13.69027778,-71.64027778
081208,Cusco,Quispicanchi,Lucre,Lucre,-13.63388889,-71.73666667
081209,Cusco,Quispicanchi,Marcapata,Marcapata,-13.59166667,-70.975
081210,Cusco,Quispicanchi,Ocongate,Ocongate,-13.62666667,-71.38833333
081211,Cusco,Quispicanchi,Oropesa,Oropesa,-13.59444444,-71.76305556
081212,Cusco,Quispicanchi,Quiquijana,Quiquijana,-13.8225,-71.5425
081301,Cusco,Urubamba,Urubamba,Urubamba,-13.30555556,-72.11611111
081302,Cusco,Urubamba,Chinchero,Chinchero,-13.39194444,-72.04888889
081303,Cusco,Urubamba,Huayllabamba,Huayllabamba,-13.33805556,-72.065
081304,Cusco,Urubamba,Machupicchu,Machupicchu,-13.15416667,-72.52555556
081305,Cusco,Urubamba,Maras,Maras,-13.3325,-72.15638889
081306,Cusco,Urubamba,Ollantaytambo,Ollantaytambo,-13.25888889,-72.26333333
081307,Cusco,Urubamba,Yucay,Yucay,-13.32166667,-72.08388889
090101,Huancavelica,Huancavelica,Huancavelica,Huancavelica,-12.78694444,-74.97138889
090102,Huancavelica,Huancavelica,Acobambilla,Acobambilla,-12.66444444,-75.32416667
090103,Huancavelica,Huancavelica,Acoria,Acoria,-12.6425,-74.86166667
090104,Huancavelica,Huancavelica,Conayca,Conayca,-12.52,-75.00666667
090105,Huancavelica,Huancavelica,Cuenca,Cuenca,-12.43305556,-75.03888889
090106,Huancavelica,Huancavelica,Huachocolpa,Huachocolpa,-13.03194444,-74.94694444
090107,Huancavelica,Huancavelica,Huayllahuara,Huayllahuara,-12.40916667,-75.17833333
090108,Huancavelica,Huancavelica,Izcuchaca,Izcuchaca,-12.5,-74.99777778
090109,Huancavelica,Huancavelica,Laria,Laria,-12.56111111,-75.03694444
090110,Huancavelica,Huancavelica,Manta,Manta,-12.62055556,-75.21111111
090111,Huancavelica,Huancavelica,Mariscal Cáceres,Mariscal Cáceres,-12.53444444,-74.9325
090112,Huancavelica,Huancavelica,Moya,Moya,-12.42333333,-75.15388889
090113,Huancavelica,Huancavelica,Nuevo Occoro,Occoro,-12.595,-75.01972222
090114,Huancavelica,Huancavelica,Palca,Palca,-12.65694444,-74.98027778
090115,Huancavelica,Huancavelica,Pilchaca,Pilchaca,-12.40138889,-75.08388889
090116,Huancavelica,Huancavelica,Vilca,Vilca,-12.47722222,-75.18333333
090117,Huancavelica,Huancavelica,Yauli,Yauli,-12.76916667,-74.85083333
090118,Huancavelica,Huancavelica,Ascensión,Ascensión,-12.78527778,-74.97694444
090119,Huancavelica,Huancavelica,Huando,Huando,-12.56416667,-74.94777778
090201,Huancavelica,Acobamba,Acobamba,Acobamba,-12.84305556,-74.56916667
090202,Huancavelica,Acobamba,Andabamba,Andabamba,-12.69361111,-74.62333333
090203,Huancavelica,Acobamba,Anta,Anta,-12.81222222,-74.63833333
090204,Huancavelica,Acobamba,Caja,Caja,-12.91722222,-74.46583333
090205,Huancavelica,Acobamba,Marcas,Marcas,-12.89027778,-74.39805556
090206,Huancavelica,Acobamba,Paucara,Paucara,-12.72972222,-74.66638889
090207,Huancavelica,Acobamba,Pomacocha,Pomacocha,-12.87388889,-74.53166667
090208,Huancavelica,Acobamba,Rosario,Rosario,-12.72083333,-74.5825
090301,Huancavelica,Angaraes,Lircay,Lircay,-12.98277778,-74.71833333
090302,Huancavelica,Angaraes,Anchonga,Anchonga,-12.91305556,-74.69138889
090303,Huancavelica,Angaraes,Callanmarca,Callanmarca,-12.86666667,-74.62333333
090304,Huancavelica,Angaraes,Ccochaccasa,Ccochaccasa,-12.92527778,-74.77027778
090305,Huancavelica,Angaraes,Chincho,Chincho,-12.97277778,-74.36722222
090306,Huancavelica,Angaraes,Congalla,Congalla,-12.95583333,-74.49222222
090307,Huancavelica,Angaraes,Huanca-Huanca,Huanca-Huanca,-12.91861111,-74.61
090308,Huancavelica,Angaraes,Huayllay Grande,Huayllay Grande,-12.94277778,-74.70166667
090309,Huancavelica,Angaraes,Julcamarca,Julcamarca,-13.01472222,-74.44444444
090310,Huancavelica,Angaraes,San Antonio de Antaparco,Antaparco,-13.07611111,-74.41166667
090311,Huancavelica,Angaraes,Santo Tomás de Pata,Santo Tomás de Pata,-13.11305556,-74.41888889
090312,Huancavelica,Angaraes,Secclla,Secclla,-13.05111111,-74.48361111
090401,Huancavelica,Castrovirreyna,Castrovirreyna,Castrovirreyna,-13.28333333,-75.31833333
090402,Huancavelica,Castrovirreyna,Arma,Arma,-13.12638889,-75.54194444
090403,Huancavelica,Castrovirreyna,Aurahua,Aurahua,-13.03472222,-75.57027778
090404,Huancavelica,Castrovirreyna,Capillas,Capillas,-13.29305556,-75.5425
090405,Huancavelica,Castrovirreyna,Chupamarca,Chupamarca,-13.03722222,-75.60833333
090406,Huancavelica,Castrovirreyna,Cocas,Cocas,-13.27583333,-75.37277778
090407,Huancavelica,Castrovirreyna,Huachos,Huachos,-13.21972222,-75.53388889
090408,Huancavelica,Castrovirreyna,Huamatambo,Huamatambo,-13.09444444,-75.67722222
090409,Huancavelica,Castrovirreyna,Mollepampa,Mollepampa,-13.31138889,-75.41
090410,Huancavelica,Castrovirreyna,San Juan,San Juan,-13.20388889,-75.63444444
090411,Huancavelica,Castrovirreyna,Santa Ana,Santa Ana,-13.07194444,-75.14027778
090412,Huancavelica,Castrovirreyna,Tantara,Tantara,-13.07416667,-75.64472222
090413,Huancavelica,Castrovirreyna,Ticrapo,Ticrapo,-13.3825,-75.4325
090501,Huancavelica,Churcampa,Churcampa,Churcampa,-12.73916667,-74.38722222
090502,Huancavelica,Churcampa,Anco,La Esmeralda,-12.6825,-74.58722222
090503,Huancavelica,Churcampa,Chinchihuasi,Chinchihuasi,-12.51694444,-74.54583333
090504,Huancavelica,Churcampa,El Carmen,Paucarbambilla,-12.72694444,-74.48083333
090505,Huancavelica,Churcampa,La Merced,La Merced,-12.78805556,-74.35861111
090506,Huancavelica,Churcampa,Locroja,Locroja,-12.74027778,-74.44194444
090507,Huancavelica,Churcampa,Paucarbamba,Paucarbamba,-12.55388889,-74.53194444
090508,Huancavelica,Churcampa,San Miguel de Mayocc,Mayocc,-12.80583333,-74.39
090509,Huancavelica,Churcampa,San Pedro de Coris,San Pedro de Coris,-12.57805556,-74.41166667
090510,Huancavelica,Churcampa,Pachamarca,Pachamarca,-12.51555556,-74.52666667
090511,Huancavelica,Churcampa,Cosme,Santa Clara de Cosme,-12.57333333,-74.65833333
090601,Huancavelica,Huaytará,Huaytará,Huaytara,-13.60472222,-75.35305556
090602,Huancavelica,Huaytará,Ayavi,Ayavi,-13.70305556,-75.35111111
090603,Huancavelica,Huaytará,Córdova,Córdova,-14.04083333,-75.185
090604,Huancavelica,Huaytará,Huayacundo Arma,Huayacundo Arma,-13.53416667,-75.31444444
090605,Huancavelica,Huaytará,Laramarca,Laramarca,-13.94861111,-75.03555556
090606,Huancavelica,Huaytará,Ocoyo,Ocoyo,-14.00805556,-75.0225
090607,Huancavelica,Huaytará,Pilpichaca,Pilpichaca,-13.33027778,-74.97722222
090608,Huancavelica,Huaytará,Querco,Querco,-13.97944444,-74.97694444
090609,Huancavelica,Huaytará,Quito-Arma,Quito-Arma,-13.52861111,-75.3275
090610,Huancavelica,Huaytará,San Antonio de Cusicancha,Cusicancha,-13.5025,-75.29333333
090611,Huancavelica,Huaytará,San Francisco de Sangayaico,San Francisco de Sangayaico,-13.79527778,-75.24916667
090612,Huancavelica,Huaytará,San Isidro,San Juan de Huirpacancha,-13.95638889,-75.23805556
090613,Huancavelica,Huaytará,Santiago de Chocorvos,Santiago de Chocorvos,-13.82527778,-75.2575
090614,Huancavelica,Huaytará,Santiago de Quirahuara,Santiago de Quirahuara,-14.05611111,-74.97638889
090615,Huancavelica,Huaytará,Santo Domingo de Capillas,Santo Domingo de Capillas,-13.73722222,-75.24361111
090616,Huancavelica,Huaytará,Tambo,Tambo,-13.68944444,-75.275
090701,Huancavelica,Tayacaja,Pampas,Pampas,-12.39916667,-74.86833333
090702,Huancavelica,Tayacaja,Acostambo,Acostambo,-12.36555556,-75.055
090703,Huancavelica,Tayacaja,Acraquia,Acraquia,-12.40638889,-74.90111111
090704,Huancavelica,Tayacaja,Ahuaycha,Ahuaycha,-12.40777778,-74.89111111
090705,Huancavelica,Tayacaja,Colcabamba,Colcabamba,-12.40916667,-74.67944444
090706,Huancavelica,Tayacaja,Daniel Hernández,Mariscal Caceres,-12.38944444,-74.85916667
090707,Huancavelica,Tayacaja,Huachocolpa,Huachocolpa,-12.04833333,-74.59472222
090709,Huancavelica,Tayacaja,Huaribamba,Huaribamba,-12.27972222,-74.93833333
090710,Huancavelica,Tayacaja,Ñahuimpuquio,Ñahuimpuquio,-12.32916667,-75.06944444
090711,Huancavelica,Tayacaja,Pazos,Pazos,-12.25944444,-75.07055556
090713,Huancavelica,Tayacaja,Quishuar,Quishuar,-12.24361111,-74.77722222
090714,Huancavelica,Tayacaja,Salcabamba,Salcabamba,-12.20166667,-74.78055556
090715,Huancavelica,Tayacaja,Salcahuasi,Salcahuasi,-12.10416667,-74.75166667
090716,Huancavelica,Tayacaja,San Marcos de Rocchac,San Marcos de Rocchac,-12.09388889,-74.86388889
090717,Huancavelica,Tayacaja,Surcubamba,Surcubamba,-12.11638889,-74.63055556
090718,Huancavelica,Tayacaja,Tintay Puncu,Tintay,-12.15194444,-74.54444444
090719,Huancavelica,Tayacaja,Quichuas,Quichuas,-12.4725,-74.7675
090720,Huancavelica,Tayacaja,Andaymarca,Andaymarca,-12.31527778,-74.63527778
090721,Huancavelica,Tayacaja,Roble,Puerto San Antonio,-12.21666667,-74.48972222
090722,Huancavelica,Tayacaja,Pichos,Pichos,-12.23638889,-74.93861111
090723,Huancavelica,Tayacaja,Santiago de Tucuma,Santiago de Tucuma,-12.31416667,-74.89
090724,Huancavelica,Tayacaja,Lambras,Santa María,-12.06638889,-74.62611111
090725,Huancavelica,Tayacaja,Cochabamba,Cochabamba Grande,-12.19333333,-74.51472222
100101,Huánuco,Huánuco,Huánuco,Huánuco,-9.93,-76.23972222
100102,Huánuco,Huánuco,Amarilis,Paucarbamba,-9.94,-76.24055556
100103,Huánuco,Huánuco,Chinchao,Acomayo,-9.80166667,-76.07083333
100104,Huánuco,Huánuco,Churubamba,Churubamba,-9.82611111,-76.13388889
100105,Huánuco,Huánuco,Margos,Margos,-10.00527778,-76.52333333
100106,Huánuco,Huánuco,Quisqui,Huancapallac,-9.90472222,-76.3925
100107,Huánuco,Huánuco,San Francisco de Cayrán,Cayrán,-9.98083333,-76.28416667
100108,Huánuco,Huánuco,San Pedro de Chaulan,Chaulan,-10.05638889,-76.48555556
100109,Huánuco,Huánuco,Santa María del Valle,Santa María del Valle,-9.8625,-76.17
100110,Huánuco,Huánuco,Yarumayo,Yarumayo,-10.00444444,-76.46861111
100111,Huánuco,Huánuco,Pillco Marca,Cayhuayna,-9.96083333,-76.24916667
100112,Huánuco,Huánuco,Yacus,Yacus,-9.98611111,-76.50583333
100113,Huánuco,Huánuco,San Pablo de Pillao,San Pablo de Pillao,-9.78638889,-75.99944444
100201,Huánuco,Ambo,Ambo,Ambo,-10.12916667,-76.20444444
100202,Huánuco,Ambo,Cayna,Cayna,-10.2725,-76.38833333
100203,Huánuco,Ambo,Colpas,Colpas,-10.26833333,-76.41527778
100204,Huánuco,Ambo,Conchamarca,Conchamarca,-10.03583333,-76.21694444
100205,Huánuco,Ambo,Huacar,Huacar,-10.15944444,-76.23666667
100206,Huánuco,Ambo,San Francisco,Mosca,-10.34277778,-76.29194444
100207,Huánuco,Ambo,San Rafael,San Rafael,-10.33777778,-76.18222222
100208,Huánuco,Ambo,Tomay Kichwa,Tomay Kichwa,-10.0775,-76.2125
100301,Huánuco,Dos de Mayo,La Unión,La Unión,-9.83777778,-76.80361111
100307,Huánuco,Dos de Mayo,Chuquis,Chuquis,-9.67638889,-76.70527778
100311,Huánuco,Dos de Mayo,Marías,Marías,-9.6075,-76.70666667
100313,Huánuco,Dos de Mayo,Pachas,Pachas,-9.70666667,-76.77111111
100316,Huánuco,Dos de Mayo,Quivilla,Quivilla,-9.6,-76.72583333
100317,Huánuco,Dos de Mayo,Ripan,Ripan,-9.82861111,-76.80305556
100321,Huánuco,Dos de Mayo,Shunqui,Shunqui,-9.73111111,-76.78333333
100322,Huánuco,Dos de Mayo,Sillapata,Sillapata,-9.75722222,-76.77472222
100323,Huánuco,Dos de Mayo,Yanas,Yanas,-9.71444444,-76.75027778
100401,Huánuco,Huacaybamba,Huacaybamba,Huacaybamba,-9.03805556,-76.9525
100402,Huánuco,Huacaybamba,Canchabamba,Canchabamba,-8.88472222,-77.12305556
100403,Huánuco,Huacaybamba,Cochabamba,Cochabamba,-9.09527778,-76.83638889
100404,Huánuco,Huacaybamba,Pinra,Pinra,-8.92472222,-77.015
100501,Huánuco,Huamalíes,Llata,Llata,-9.54972222,-76.81861111
100502,Huánuco,Huamalíes,Arancay,Arancay,-9.17138889,-76.75138889
100503,Huánuco,Huamalíes,Chavín de Pariarca,Chavín de Pariarca,-9.42305556,-76.77138889
100504,Huánuco,Huamalíes,Jacas Grande,Jacas Grande,-9.54,-76.73666667
100505,Huánuco,Huamalíes,Jircan,Jircan,-9.24694444,-76.71916667
100506,Huánuco,Huamalíes,Miraflores,Miraflores,-9.49388889,-76.81861111
100507,Huánuco,Huamalíes,Monzón,Monzón,-9.28,-76.39666667
100508,Huánuco,Huamalíes,Punchao,Punchao,-9.46222222,-76.81972222
100509,Huánuco,Huamalíes,Puños,Puños,-9.50055556,-76.88388889
100510,Huánuco,Huamalíes,Singa,Singa,-9.38861111,-76.8125
100511,Huánuco,Huamalíes,Tantamayo,Tantamayo,-9.3925,-76.72
100601,Huánuco,Leoncio Prado,Rupa-Rupa,Tingo María,-9.29805556,-76.00055556
100602,Huánuco,Leoncio Prado,Daniel Alomia Robles,Daniel Alomia Robles (Pumahuasi),-9.18777778,-75.95472222
100603,Huánuco,Leoncio Prado,Hermilio Valdizán,Hermilio Valdizán,-9.20555556,-75.83583333
100604,Huánuco,Leoncio Prado,José Crespo y Castillo,Aucayacu,-8.93222222,-76.11611111
100605,Huánuco,Leoncio Prado,Luyando,Luyando,-9.24805556,-75.99416667
100606,Huánuco,Leoncio Prado,Mariano Damaso Beraún,Las Palmas,-9.44277778,-75.97111111
100607,Huánuco,Leoncio Prado,Pucayacu,Pucayacu,-8.74972222,-76.12111111
100608,Huánuco,Leoncio Prado,Castillo Grande,Castillo Grande,-9.27972222,-76.00888889
100609,Huánuco,Leoncio Prado,Pueblo Nuevo,Pueblo Nuevo,-9.07861111,-76.06055556
100610,Huánuco,Leoncio Prado,Santo Domingo de Anda,Pacae,-9.02361111,-76.06666667
100701,Huánuco,Marañón,Huacrachuco,Huacrachuco,-8.60472222,-77.14916667
100702,Huánuco,Marañón,Cholón,San Pedro de Chonta,-8.65583333,-76.87527778
100703,Huánuco,Marañón,San Buenaventura,San Buenaventura,-8.76777778,-77.18611111
100704,Huánuco,Marañón,La Morada,La Morada,-8.79444444,-76.24972222
100705,Huánuco,Marañón,Santa Rosa de Alto Yanajanca,Santa Rosa de Alto Yanajanca,-8.65277778,-76.31472222
100801,Huánuco,Pachitea,Panao,Panao,-9.8975,-75.99416667
100802,Huánuco,Pachitea,Chaglla,Chaglla,-9.84472222,-75.90277778
100803,Huánuco,Pachitea,Molino,Molino,-9.91083333,-76.01666667
100804,Huánuco,Pachitea,Umari,Umari (Tambillo),-9.86416667,-76.04444444
100901,Huánuco,Puerto Inca,Puerto Inca,Puerto Inca,-9.37888889,-74.96583333
100902,Huánuco,Puerto Inca,Codo del Pozuzo,Codo del Pozuzo,-9.67,-75.4625
100903,Huánuco,Puerto Inca,Honoria,Honoria,-8.76944444,-74.70916667
100904,Huánuco,Puerto Inca,Tournavista,Tournavista,-8.93444444,-74.70138889
100905,Huánuco,Puerto Inca,Yuyapichis,Yuyapichis,-9.62833333,-74.97472222
101001,Huánuco,Lauricocha,Jesús,Jesús,-10.07833333,-76.63138889
101002,Huánuco,Lauricocha,Baños,Baños,-10.07638889,-76.73555556
101003,Huánuco,Lauricocha,Jivia,Jivia,-10.02333333,-76.68027778
101004,Huánuco,Lauricocha,Queropalca,Queropalca,-10.18138889,-76.80305556
101005,Huánuco,Lauricocha,Rondos,Rondos,-9.98444444,-76.68833333
101006,Huánuco,Lauricocha,San Francisco de Asis,Huarin,-9.97638889,-76.67694444
101007,Huánuco,Lauricocha,San Miguel de Cauri,Cauri,-10.1425,-76.62555556
101101,Huánuco,Yarowilca,Chavinillo,Chavinillo,-9.85888889,-76.60888889
101102,Huánuco,Yarowilca,Cahuac,Cahuac,-9.85277778,-76.63055556
101103,Huánuco,Yarowilca,Chacabamba,Chacabamba,-9.90027778,-76.61111111
101104,Huánuco,Yarowilca,Aparicio Pomares,Chupan,-9.74777778,-76.64805556
101105,Huánuco,Yarowilca,Jacas Chico,San Cristobal de Jacas Chico,-9.88638889,-76.50305556
101106,Huánuco,Yarowilca,Obas,Obas,-9.79527778,-76.66583333
101107,Huánuco,Yarowilca,Pampamarca,Pampamarca,-9.70527778,-76.7025
101108,Huánuco,Yarowilca,Choras,Choras,-9.91027778,-76.60583333
110101,Ica,Ica,Ica,Ica,-14.06361111,-75.72916667
110102,Ica,Ica,La Tinguiña,La Tinguiña,-14.03333333,-75.71055556
110103,Ica,Ica,Los Aquijes,Los Aquijes,-14.09638889,-75.69055556
110104,Ica,Ica,Ocucaje,Ocucaje,-14.34666667,-75.67222222
110105,Ica,Ica,Pachacútec,Pampa de Tate,-14.15194444,-75.69194444
110106,Ica,Ica,Parcona,Parcona,-14.05388889,-75.68555556
110107,Ica,Ica,Pueblo Nuevo,Pueblo Nuevo,-14.12722222,-75.70583333
110108,Ica,Ica,Salas,Guadalupe,-13.98583333,-75.77222222
110109,Ica,Ica,San José de Los Molinos,San José de Los Molinos,-13.93305556,-75.67083333
110110,Ica,Ica,San Juan Bautista,San Juan Bautista,-14.01138889,-75.73527778
110111,Ica,Ica,Santiago,Santiago,-14.18583333,-75.71444444
110112,Ica,Ica,Subtanjalla,Subtanjalla,-14.01861111,-75.75805556
110113,Ica,Ica,Tate,Tate de la Capilla,-14.15583333,-75.70805556
110114,Ica,Ica,Yauca Del Rosario,Curis,-14.09888889,-75.47694444
110201,Ica,Chincha,Chincha Alta,Chincha Alta,-13.41833333,-76.1325
110202,Ica,Chincha,Alto Laran,Alto Laran,-13.4425,-76.08333333
110203,Ica,Chincha,Chavín,Chavín,-13.07638889,-75.91305556
110204,Ica,Chincha,Chincha Baja,Chincha Baja,-13.45944444,-76.16555556
110205,Ica,Chincha,El Carmen,El Carmen,-13.49944444,-76.05777778
110206,Ica,Chincha,Grocio Prado,San Pedro,-13.39805556,-76.15611111
110207,Ica,Chincha,Pueblo Nuevo,Pueblo Nuevo,-13.40416667,-76.1275
110208,Ica,Chincha,San Juan de Yánac,San Juan de Yánac,-13.21111111,-75.78722222
110209,Ica,Chincha,San Pedro de Huacarpana,San Pedro de Huacarpana,-13.04916667,-75.64777778
110210,Ica,Chincha,Sunampe,Sunampe,-13.4275,-76.16361111
110211,Ica,Chincha,Tambo de Mora,Tambo de Mora,-13.46055556,-76.17666667
110301,Ica,Nasca,Nasca,Nasca,-14.82694444,-74.93722222
110302,Ica,Nasca,Changuillo,Changuillo,-14.66472222,-75.2225
110303,Ica,Nasca,El Ingenio,El Ingenio,-14.64527778,-75.05833333
110304,Ica,Nasca,Marcona,San Juan,-15.36194444,-75.16583333
110305,Ica,Nasca,Vista Alegre,Vista Alegre,-14.84583333,-74.94388889
110401,Ica,Palpa,Palpa,Palpa,-14.53388889,-75.185
110402,Ica,Palpa,Llipata,Llipata,-14.56333333,-75.2075
110403,Ica,Palpa,Río Grande,Río Grande,-14.52,-75.20111111
110404,Ica,Palpa,Santa Cruz,Santa Cruz,-14.48333333,-75.24555556
110405,Ica,Palpa,Tibillo,Tibillo,-14.09388889,-75.17166667
110501,Ica,Pisco,Pisco,Pisco,-13.71,-76.20166667
110502,Ica,Pisco,Huancano,Huancano,-13.60083333,-75.61861111
110503,Ica,Pisco,Humay,Humay,-13.72277778,-75.88666667
110504,Ica,Pisco,Independencia,Independencia,-13.69388889,-76.02472222
110505,Ica,Pisco,Paracas,Paracas,-13.83888889,-76.25194444
110506,Ica,Pisco,San Andrés,San Andrés,-13.73138889,-76.22333333
110507,Ica,Pisco,San Clemente,San Clemente,-13.68027778,-76.15694444
110508,Ica,Pisco,Túpac Amaru Inca,Túpac Amaru,-13.71333333,-76.14833333
120101,Junín,Huancayo,Huancayo,Huancayo,-12.07083333,-75.20888889
120104,Junín,Huancayo,Carhuacallanga,Carhuacallanga,-12.355,-75.20055556
120105,Junín,Huancayo,Chacapampa,Chacapampa,-12.345,-75.2475
120106,Junín,Huancayo,Chicche,Chicche,-12.29611111,-75.29861111
120107,Junín,Huancayo,Chilca,Chilca,-12.08666667,-75.20833333
120108,Junín,Huancayo,Chongos Alto,Chongos Alto,-12.31166667,-75.28916667
120111,Junín,Huancayo,Chupuro,Chupuro,-12.15555556,-75.24555556
120112,Junín,Huancayo,Colca,Colca,-12.3175,-75.22222222
120113,Junín,Huancayo,Cullhuas,Cullhuas,-12.22055556,-75.16694444
120114,Junín,Huancayo,El Tambo,El Tambo,-12.05027778,-75.22138889
120116,Junín,Huancayo,Huacrapuquio,Huacrapuquio,-12.17111111,-75.22083333
120117,Junín,Huancayo,Hualhuas,Hualhuas,-11.97138889,-75.25083333
120119,Junín,Huancayo,Huancán,Huancán,-12.10666667,-75.21666667
120120,Junín,Huancayo,Huasicancha,Huasicancha,-12.33222222,-75.28194444
120121,Junín,Huancayo,Huayucachi,Huayucachi,-12.13861111,-75.22361111
120122,Junín,Huancayo,Ingenio,Ingenio,-11.89055556,-75.26638889
120124,Junín,Huancayo,Pariahuanca,Pariahuanca,-11.98027778,-74.89666667
120125,Junín,Huancayo,Pilcomayo,Pilcomayo,-12.04944444,-75.25055556
120126,Junín,Huancayo,Pucará,Pucará,-12.1725,-75.14555556
120127,Junín,Huancayo,Quichuay,Quichuay,-11.88972222,-75.28611111
120128,Junín,Huancayo,Quilcas,Quilcas,-11.93805556,-75.25972222
120129,Junín,Huancayo,San Agustín,San Agustín,-11.98972222,-75.24416667
120130,Junín,Huancayo,San Jerónimo de Tunán,San Jerónimo de Tunán,-11.94916667,-75.28222222
120132,Junín,Huancayo,Saño,Saño,-11.95888889,-75.25861111
120133,Junín,Huancayo,Sapallanga,Sapallanga,-12.14138889,-75.15805556
120134,Junín,Huancayo,Sicaya,Sicaya,-12.01472222,-75.28
120135,Junín,Huancayo,Santo Domingo de Acobamba,Santo Domingo de Acobamba,-11.76888889,-74.79527778
120136,Junín,Huancayo,Viques,Viques,-12.15972222,-75.23194444
120201,Junín,Concepción,Concepción,Concepción,-11.91888889,-75.3125
120202,Junín,Concepción,Aco,Aco,-11.95805556,-75.36833333
120203,Junín,Concepción,Andamarca,Andamarca,-11.72833333,-74.80166667
120204,Junín,Concepción,Chambará,Chambará,-12.02722222,-75.37527778
120205,Junín,Concepción,Cochas,Cochas,-11.66,-75.10222222
120206,Junín,Concepción,Comas,Comas,-11.71777778,-75.08166667
120207,Junín,Concepción,Heroínas Toledo,San Antonio de Ocopa,-11.83555556,-75.29083333
120208,Junín,Concepción,Manzanares,San Miguel,-12.01611111,-75.34583333
120209,Junín,Concepción,Mariscal Castilla,Mucllo,-11.61916667,-75.09
120210,Junín,Concepción,Matahuasi,Matahuasi,-11.89388889,-75.34416667
120211,Junín,Concepción,Mito,Mito,-11.93722222,-75.33916667
120212,Junín,Concepción,Nueve de Julio,Santo Domingo del Prado,-11.89777778,-75.31805556
120213,Junín,Concepción,Orcotuna,Orcotuna,-11.96722222,-75.3075
120214,Junín,Concepción,San José de Quero,San José de Quero,-12.08555556,-75.53638889
120215,Junín,Concepción,Santa Rosa de Ocopa,Santa Rosa,-11.87722222,-75.295
120301,Junín,Chanchamayo,Chanchamayo,La Merced,-11.05666667,-75.3275
120302,Junín,Chanchamayo,Perené,Perené,-10.9475,-75.22472222
120303,Junín,Chanchamayo,Pichanaqui,Bajo Pichanaqui,-10.92638889,-74.87277778
120304,Junín,Chanchamayo,San Luis de Shuaro,San Luis de Shuaro,-10.88833333,-75.28722222
120305,Junín,Chanchamayo,San Ramón,San Ramón,-11.12055556,-75.35305556
120306,Junín,Chanchamayo,Vitoc,Pucara,-11.21027778,-75.33472222
120401,Junín,Jauja,Jauja,Jauja,-11.77555556,-75.50055556
120402,Junín,Jauja,Acolla,Acolla,-11.73111111,-75.54666667
120403,Junín,Jauja,Apata,Apata,-11.85527778,-75.35444444
120404,Junín,Jauja,Ataura,Ataura,-11.80277778,-75.43888889
120405,Junín,Jauja,Canchayllo,Canchayllo,-11.80222222,-75.71805556
120406,Junín,Jauja,Curicaca,El Rosario,-11.78527778,-75.675
120407,Junín,Jauja,El Mantaro,Pucucho,-11.82222222,-75.39194444
120408,Junín,Jauja,Huamalí,Huamalí,-11.80722222,-75.42416667
120409,Junín,Jauja,Huaripampa,Huaripampa,-11.80777778,-75.47111111
120410,Junín,Jauja,Huertas,Huertas,-11.76,-75.46972222
120411,Junín,Jauja,Janjaillo,Janjaillo,-11.76444444,-75.61027778
120412,Junín,Jauja,Julcán,Julcán,-11.75916667,-75.43527778
120413,Junín,Jauja,Leonor Ordóñez,Huancani,-11.85944444,-75.4175
120414,Junín,Jauja,Llocllapampa,Llocllapampa,-11.8175,-75.62388889
120415,Junín,Jauja,Marco,Marco,-11.74055556,-75.56111111
120416,Junín,Jauja,Masma,Masma,-11.78527778,-75.42611111
120417,Junín,Jauja,Masma Chicche,Masma Chicche,-11.78611111,-75.38166667
120418,Junín,Jauja,Molinos,Molinos,-11.73777778,-75.44611111
120419,Junín,Jauja,Monobamba,Monobamba,-11.36055556,-75.32666667
120420,Junín,Jauja,Muqui,Muqui,-11.83333333,-75.435
120421,Junín,Jauja,Muquiyauyo,Muquiyauyo,-11.81388889,-75.45388889
120422,Junín,Jauja,Paca,Paca,-11.70916667,-75.51833333
120423,Junín,Jauja,Paccha,Paccha,-11.85361111,-75.50638889
120424,Junín,Jauja,Pancán,Pancán,-11.74888889,-75.48611111
120425,Junín,Jauja,Parco,Parco,-11.80111111,-75.54277778
120426,Junín,Jauja,Pomacancha,Pomacancha,-11.73916667,-75.62333333
120427,Junín,Jauja,Ricrán,Ricrán,-11.53944444,-75.52722222
120428,Junín,Jauja,San Lorenzo,San Lorenzo,-11.84638889,-75.38166667
120429,Junín,Jauja,San Pedro de Chunán,San Pedro de Chunán,-11.72555556,-75.48638889
120430,Junín,Jauja,Sausa,Sausa,-11.79361111,-75.48472222
120431,Junín,Jauja,Sincos,Sincos,-11.89138889,-75.38694444
120432,Junín,Jauja,Tunan Marca,Concho,-11.72972222,-75.57055556
120433,Junín,Jauja,Yauli,Yauli,-11.715,-75.47194444
120434,Junín,Jauja,Yauyos,Yauyos,-11.78083333,-75.49972222
120501,Junín,Junín,Junín,Junín,-11.16138889,-75.99833333
120502,Junín,Junín,Carhuamayo,Carhuamayo,-10.92277778,-76.05777778
120503,Junín,Junín,Ondores,Ondores,-11.08361111,-76.14666667
120504,Junín,Junín,Ulcumayo,Ulcumayo,-10.9675,-75.87805556
120601,Junín,Satipo,Satipo,Satipo,-11.25388889,-74.63611111
120602,Junín,Satipo,Coviriali,Coviriali,-11.29138889,-74.6275
120603,Junín,Satipo,Llaylla,Llaylla,-11.38111111,-74.59027778
120604,Junín,Satipo,Mazamari,Mazamari,-11.325,-74.53027778
120605,Junín,Satipo,Pampa Hermosa,Mariposa,-11.40416667,-74.75166667
120606,Junín,Satipo,Pangoa,San Martín de Pangoa,-11.42833333,-74.48888889
120607,Junín,Satipo,Río Negro,Río Negro,-11.20888889,-74.65944444
120608,Junín,Satipo,Río Tambo,Puerto Ocopa,-11.1475,-74.30638889
120609,Junín,Satipo,Vizcatán del Ene,San Miguel del Ene,-12.18611111,-74.02722222
120701,Junín,Tarma,Tarma,Tarma,-11.42,-75.68805556
120702,Junín,Tarma,Acobamba,Acobamba,-11.35333333,-75.65916667
120703,Junín,Tarma,Huaricolca,Huaricolca,-11.51194444,-75.65277778
120704,Junín,Tarma,Huasahuasi,Huasahuasi,-11.265,-75.65027778
120705,Junín,Tarma,La Unión,Leticia,-11.37722222,-75.75194444
120706,Junín,Tarma,Palca,Palca,-11.34611111,-75.56861111
120707,Junín,Tarma,Palcamayo,Palcamayo,-11.29583333,-75.77277778
120708,Junín,Tarma,San Pedro de Cajas,San Pedro de Cajas,-11.24916667,-75.86277778
120709,Junín,Tarma,Tapo,Tapo,-11.39027778,-75.56388889
120801,Junín,Yauli,La Oroya,La Oroya,-11.52194444,-75.90777778
120802,Junín,Yauli,Chacapalpa,Chacapalpa,-11.73277778,-75.75555556
120803,Junín,Yauli,Huay-Huay,Huay-Huay,-11.7225,-75.905
120804,Junín,Yauli,Marcapomacocha,Marcapomacocha,-11.40666667,-76.33611111
120805,Junín,Yauli,Morococha,Nueva Morococha,-11.58722222,-76.06333333
120806,Junín,Yauli,Paccha,Paccha,-11.47305556,-75.96055556
120807,Junín,Yauli,Santa Bárbara de Carhuacayán,Santa Bárbara de Carhuacayán,-11.20388889,-76.28555556
120808,Junín,Yauli,Santa Rosa de Sacco,Santa Rosa de Sacco,-11.54916667,-75.94027778
120809,Junín,Yauli,Suitucancha,Suitucancha,-11.7875,-75.93638889
120810,Junín,Yauli,Yauli,Yauli,-11.66583333,-76.08583333
120901,Junín,Chupaca,Chupaca,Chupaca,-12.05777778,-75.28944444
120902,Junín,Chupaca,Ahuac,Ahuac,-12.08583333,-75.32111111
120903,Junín,Chupaca,Chongos Bajo,Chongos Bajo,-12.13388889,-75.26805556
120904,Junín,Chupaca,Huáchac,Huáchac,-12.02055556,-75.34111111
120905,Junín,Chupaca,Huamancaca Chico,Huamancaca Chico,-12.08083333,-75.24222222
120906,Junín,Chupaca,San Juan de Iscos,Iscos,-12.09833333,-75.29277778
120907,Junín,Chupaca,San Juan de Jarpa,Jarpa,-12.12638889,-75.43555556
120908,Junín,Chupaca,Tres de Diciembre,Tres de Diciembre,-12.10972222,-75.24583333
120909,Junín,Chupaca,Yanacancha,Yanacancha,-12.20111111,-75.38666667
130101,La Libertad,Trujillo,Trujillo,Trujillo,-8.1,-79.03055556
130102,La Libertad,Trujillo,El Porvenir,El Porvenir,-8.08805556,-78.99777778
130103,La Libertad,Trujillo,Florencia de Mora,Florencia de Mora,-8.08277778,-79.02333333
130104,La Libertad,Trujillo,Huanchaco,Huanchaco,-8.08,-79.12166667
130105,La Libertad,Trujillo,La Esperanza,La Esperanza,-8.05611111,-79.05166667
130106,La Libertad,Trujillo,Laredo,Laredo,-8.08972222,-78.96027778
130107,La Libertad,Trujillo,Moche,Moche,-8.17138889,-79.00916667
130108,La Libertad,Trujillo,Poroto,Poroto,-8.01138889,-78.76777778
130109,La Libertad,Trujillo,Salaverry,Salaverry,-8.22444444,-78.97611111
130110,La Libertad,Trujillo,Simbal,Simbal,-7.97666667,-78.81333333
130111,La Libertad,Trujillo,Victor Larco Herrera,Buenos Aires,-8.13638889,-79.04333333
130112,La Libertad,Trujillo,Alto Trujillo,Alto Trujillo,-8.06277778,-79.01
130201,La Libertad,Ascope,Ascope,Ascope,-7.71361111,-79.10722222
130202,La Libertad,Ascope,Chicama,Chicama,-7.8425,-79.14416667
130203,La Libertad,Ascope,Chocope,Chocope,-7.79138889,-79.22305556
130204,La Libertad,Ascope,Magdalena de Cao,Magdalena de Cao,-7.87638889,-79.29583333
130205,La Libertad,Ascope,Paiján,Paiján,-7.73472222,-79.30333333
130206,La Libertad,Ascope,Rázuri,Puerto de Malabrigo,-7.70222222,-79.43777778
130207,La Libertad,Ascope,Santiago de Cao,Santiago de Cao,-7.95777778,-79.24361111
130208,La Libertad,Ascope,Casa Grande,Casa Grande,-7.74527778,-79.18805556
130301,La Libertad,Bolívar,Bolívar,Bolívar,-7.15388889,-77.70222222
130302,La Libertad,Bolívar,Bambamarca,Bambamarca,-7.43972222,-77.69305556
130303,La Libertad,Bolívar,Condormarca,Condormarca,-7.54666667,-77.59972222
130304,La Libertad,Bolívar,Longotea,Longotea,-7.04388889,-77.87222222
130305,La Libertad,Bolívar,Uchumarca,Uchumarca,-7.04722222,-77.80555556
130306,La Libertad,Bolívar,Ucuncha,Ucuncha,-7.16527778,-77.85916667
130401,La Libertad,Chepén,Chepén,Chepén,-7.2275,-79.42944444
130402,La Libertad,Chepén,Pacanga,Pacanga,-7.17138889,-79.48555556
130403,La Libertad,Chepén,Pueblo Nuevo,Pueblo Nuevo,-7.1825,-79.52
130501,La Libertad,Julcán,Julcán,Julcán,-8.04277778,-78.48638889
130502,La Libertad,Julcán,Calamarca,Calamarca,-8.17,-78.41222222
130503,La Libertad,Julcán,Carabamba,Carabamba,-8.1125,-78.6075
130504,La Libertad,Julcán,Huaso,Huaso,-8.22472222,-78.41416667
130601,La Libertad,Otuzco,Otuzco,Otuzco,-7.90222222,-78.56555556
130602,La Libertad,Otuzco,Agallpampa,Agallpampa,-7.98194444,-78.54666667
130604,La Libertad,Otuzco,Charat,Charat,-7.82388889,-78.44805556
130605,La Libertad,Otuzco,Huaranchal,Huaranchal,-7.68972222,-78.4425
130606,La Libertad,Otuzco,La Cuesta,La Cuesta,-7.91888889,-78.70472222
130608,La Libertad,Otuzco,Mache,Mache,-8.02916667,-78.535
130610,La Libertad,Otuzco,Paranday,Paranday,-7.885,-78.70944444
130611,La Libertad,Otuzco,Salpo,Salpo,-8.00305556,-78.60416667
130613,La Libertad,Otuzco,Sinsicap,Sinsicap,-7.85166667,-78.75416667
130614,La Libertad,Otuzco,Usquil,Usquil,-7.81527778,-78.41666667
130701,La Libertad,Pacasmayo,San Pedro de Lloc,San Pedro de Lloc,-7.41833333,-79.51472222
130702,La Libertad,Pacasmayo,Guadalupe,Guadalupe,-7.24361111,-79.47027778
130703,La Libertad,Pacasmayo,Jequetepeque,Jequetepeque,-7.3375,-79.56305556
130704,La Libertad,Pacasmayo,Pacasmayo,Pacasmayo,-7.40111111,-79.57222222
130705,La Libertad,Pacasmayo,San José,San José,-7.35,-79.45527778
130801,La Libertad,Pataz,Tayabamba,Tayabamba,-8.275,-77.29611111
130802,La Libertad,Pataz,Buldibuyo,Buldibuyo,-8.12694444,-77.39527778
130803,La Libertad,Pataz,Chillia,Chillia,-8.12444444,-77.515
130804,La Libertad,Pataz,Huancaspata,Huancaspata,-8.4575,-77.29833333
130805,La Libertad,Pataz,Huaylillas,Huaylillas,-8.18722222,-77.34388889
130806,La Libertad,Pataz,Huayo,Huayo,-8.00444444,-77.59222222
130807,La Libertad,Pataz,Ongon,Ongon,-8.20777778,-76.98277778
130808,La Libertad,Pataz,Parcoy,Parcoy,-8.03333333,-77.47972222
130809,La Libertad,Pataz,Pataz,Pataz,-7.785,-77.59388889
130810,La Libertad,Pataz,Pias,Pias,-7.87194444,-77.54666667
130811,La Libertad,Pataz,Santiago de Challas,Challas,-8.43805556,-77.32055556
130812,La Libertad,Pataz,Taurija,Taurija,-8.30777778,-77.42361111
130813,La Libertad,Pataz,Urpay,Urpay,-8.34777778,-77.38944444
130901,La Libertad,Sánchez Carrión,Huamachuco,Huamachuco,-7.81111111,-78.04666667
130902,La Libertad,Sánchez Carrión,Chugay,Chugay,-7.78194444,-77.86833333
130903,La Libertad,Sánchez Carrión,Cochorco,Aricapampa,-7.80638889,-77.7175
130904,La Libertad,Sánchez Carrión,Curgos,Curgos,-7.86,-77.94388889
130905,La Libertad,Sánchez Carrión,Marcabal,Marcabal,-7.70583333,-78.03361111
130906,La Libertad,Sánchez Carrión,Sanagoran,Sanagoran,-7.78611111,-78.14194444
130907,La Libertad,Sánchez Carrión,Sarín,Sarín,-7.91138889,-77.90611111
130908,La Libertad,Sánchez Carrión,Sartimbamba,Sartimbamba,-7.69916667,-77.74361111
131001,La Libertad,Santiago de Chuco,Santiago de Chuco,Santiago de Chuco,-8.14527778,-78.17361111
131002,La Libertad,Santiago de Chuco,Angasmarca,Angasmarca,-8.13277778,-78.05583333
131003,La Libertad,Santiago de Chuco,Cachicadan,Cachicadan,-8.09444444,-78.14888889
131004,La Libertad,Santiago de Chuco,Mollebamba,Mollebamba,-8.17083333,-77.97388889
131005,La Libertad,Santiago de Chuco,Mollepata,Mollepata,-8.19333333,-77.95722222
131006,La Libertad,Santiago de Chuco,Quiruvilca,Quiruvilca,-8.00194444,-78.31
131007,La Libertad,Santiago de Chuco,Santa Cruz de Chuca,Santa Cruz de Chuca,-8.12027778,-78.14222222
131008,La Libertad,Santiago de Chuco,Sitabamba,Sitabamba,-8.02222222,-77.73
131101,La Libertad,Gran Chimú,Cascas,Cascas,-7.47944444,-78.81972222
131102,La Libertad,Gran Chimú,Lucma,Lucma,-7.64055556,-78.55222222
131103,La Libertad,Gran Chimú,Marmot,Marmot,-7.69833333,-78.62611111
131104,La Libertad,Gran Chimú,Sayapullo,Sayapullo,-7.59583333,-78.465
131201,La Libertad,Virú,Virú,Virú,-8.41444444,-78.75277778
131202,La Libertad,Virú,Chao,Chao,-8.54055556,-78.67888889
131203,La Libertad,Virú,Guadalupito,Guadalupito,-8.95166667,-78.62472222
140101,Lambayeque,Chiclayo,Chiclayo,Chiclayo,-6.76694444,-79.85055556
140102,Lambayeque,Chiclayo,Chongoyape,Chongoyape,-6.64305556,-79.38527778
140103,Lambayeque,Chiclayo,Etén,Etén,-6.90694444,-79.8625
140104,Lambayeque,Chiclayo,Etén Puerto,Etén Puerto,-6.92555556,-79.86611111
140105,Lambayeque,Chiclayo,José Leonardo Ortiz,José Leonardo Ortiz,-6.76305556,-79.83444444
140106,Lambayeque,Chiclayo,La Victoria,La Victoria,-6.79444444,-79.84444444
140107,Lambayeque,Chiclayo,Lagunas,Mocupe,-6.99111111,-79.62277778
140108,Lambayeque,Chiclayo,Monsefú,Monsefú,-6.87805556,-79.8725
140109,Lambayeque,Chiclayo,Nueva Arica,Nueva Arica,-6.87416667,-79.34361111
140110,Lambayeque,Chiclayo,Oyotun,Oyotun,-6.85444444,-79.30638889
140111,Lambayeque,Chiclayo,Picsi,Picsi,-6.71833333,-79.77055556
140112,Lambayeque,Chiclayo,Pimentel,Pimentel,-6.83527778,-79.93583333
140113,Lambayeque,Chiclayo,Reque,Reque,-6.865,-79.81916667
140114,Lambayeque,Chiclayo,Santa Rosa,Santa Rosa,-6.88166667,-79.92083333
140115,Lambayeque,Chiclayo,Saña,Saña,-6.91805556,-79.58333333
140116,Lambayeque,Chiclayo,Cayaltí,Cayaltí,-6.89166667,-79.56222222
140117,Lambayeque,Chiclayo,Patapo,Patapo,-6.73555556,-79.63472222
140118,Lambayeque,Chiclayo,Pomalca,Pomalca,-6.77,-79.77527778
140119,Lambayeque,Chiclayo,Pucala,Pucala,-6.78194444,-79.61222222
140120,Lambayeque,Chiclayo,Tumán,Tumán,-6.75111111,-79.70111111
140201,Lambayeque,Ferreñafe,Ferreñafe,Ferreñafe,-6.63888889,-79.78833333
140202,Lambayeque,Ferreñafe,Cañaris,Cañaris,-6.04611111,-79.26527778
140203,Lambayeque,Ferreñafe,Incahuasi,Incahuasi,-6.23527778,-79.31694444
140204,Lambayeque,Ferreñafe,Manuel Antonio Mesones Muro,Manuel Antonio Mesones Muro,-6.645,-79.73888889
140205,Lambayeque,Ferreñafe,Pitipo,Pitipo,-6.56583333,-79.78083333
140206,Lambayeque,Ferreñafe,Pueblo Nuevo,Pueblo Nuevo,-6.64027778,-79.79611111
140301,Lambayeque,Lambayeque,Lambayeque,Lambayeque,-6.70694444,-79.89527778
140302,Lambayeque,Lambayeque,Chochope,Chochope,-6.15777778,-79.64777778
140303,Lambayeque,Lambayeque,Illimo,Illimo,-6.47388889,-79.85472222
140304,Lambayeque,Lambayeque,Jayanca,Jayanca,-6.39277778,-79.82277778
140305,Lambayeque,Lambayeque,Mochumi,Mochumi,-6.54777778,-79.865
140306,Lambayeque,Lambayeque,Mórrope,Mórrope,-6.54027778,-80.01555556
140307,Lambayeque,Lambayeque,Motupe,Motupe,-6.15083333,-79.71416667
140308,Lambayeque,Lambayeque,Olmos,Olmos,-5.98777778,-79.7475
140309,Lambayeque,Lambayeque,Pacora,Pacora,-6.42861111,-79.83888889
140310,Lambayeque,Lambayeque,Salas,Salas,-6.27472222,-79.60722222
140311,Lambayeque,Lambayeque,San José,San José,-6.76944444,-79.96805556
140312,Lambayeque,Lambayeque,Tucume,Tucume,-6.51,-79.85916667
150101,Lima,Lima,Lima,Lima,-12.04527778,-77.03083333
150102,Lima,Lima,Ancón,Ancón,-11.77388889,-77.17638889
150103,Lima,Lima,Ate,Vitarte,-12.02638889,-76.92138889
150104,Lima,Lima,Barranco,Barranco,-12.14916667,-77.02166667
150105,Lima,Lima,Breña,Breña,-12.05888889,-77.04611111
150106,Lima,Lima,Carabayllo,Carabayllo,-11.89027778,-77.02694444
150107,Lima,Lima,Chaclacayo,Chaclacayo,-11.97527778,-76.76888889
150108,Lima,Lima,Chorrillos,Chorrillos,-12.17694444,-77.01638889
150109,Lima,Lima,Cieneguilla,Cieneguilla,-12.12027778,-76.81416667
150110,Lima,Lima,Comas,La Libertad,-11.95722222,-77.04944444
150111,Lima,Lima,El Agustino,El Agustino,-12.04833333,-77.00055556
150112,Lima,Lima,Independencia,Independencia,-11.99722222,-77.05472222
150113,Lima,Lima,Jesús María,Jesús María,-12.07555556,-77.04333333
150114,Lima,Lima,La Molina,La Molina,-12.07805556,-76.91666667
150115,Lima,Lima,La Victoria,La Victoria,-12.065,-77.03083333
150116,Lima,Lima,Lince,Lince,-12.08444444,-77.03027778
150117,Lima,Lima,Los Olivos,Las Palmeras,-11.99138889,-77.07083333
150118,Lima,Lima,Lurigancho,Chosica,-11.93583333,-76.69722222
150119,Lima,Lima,Lurín,Lurín,-12.27472222,-76.87027778
150120,Lima,Lima,Magdalena Del Mar,Magdalena del Mar,-12.09166667,-77.06722222
150121,Lima,Lima,Pueblo Libre,Pueblo Libre,-12.07805556,-77.0625
150122,Lima,Lima,Miraflores,Miraflores,-12.12166667,-77.02916667
150123,Lima,Lima,Pachacámac,Pachacámac,-12.18722222,-76.86666667
150124,Lima,Lima,Pucusana,Pucusana,-12.48166667,-76.7975
150125,Lima,Lima,Puente Piedra,Puente Piedra,-11.86666667,-77.07694444
150126,Lima,Lima,Punta Hermosa,Punta Hermosa,-12.33361111,-76.82416667
150127,Lima,Lima,Punta Negra,Punta Negra,-12.36527778,-76.79555556
150128,Lima,Lima,Rímac,Rímac,-12.04222222,-77.02694444
150129,Lima,Lima,San Bartolo,San Bartolo,-12.38916667,-76.78083333
150130,Lima,Lima,San Borja,San Francisco de Borja,-12.10722222,-76.99888889
150131,Lima,Lima,San Isidro,San Isidro,-12.09777778,-77.02722222
150132,Lima,Lima,San Juan de Lurigancho,San Juan de Lurigancho,-12.02972222,-77.01
150133,Lima,Lima,San Juan de Miraflores,Ciudad de Dios,-12.16361111,-76.96361111
150134,Lima,Lima,San Luis,San Luis,-12.07555556,-76.99361111
150135,Lima,Lima,San Martin de Porres,Barrio Obrero Industrial,-12.03,-77.0575
150136,Lima,Lima,San Miguel,San Miguel,-12.09222222,-77.07944444
150137,Lima,Lima,Santa Anita,Santa Anita - Los Ficus,-12.04388889,-76.97138889
150138,Lima,Lima,Santa María del Mar,Santa María del Mar,-12.40194444,-76.77333333
150139,Lima,Lima,Santa Rosa,Santa Rosa,-11.78722222,-77.15694444
150140,Lima,Lima,Santiago de Surco,Santiago de Surco,-12.145,-77.005
150141,Lima,Lima,Surquillo,Surquillo,-12.11861111,-77.02166667
150142,Lima,Lima,Villa El Salvador,Villa El Salvador,-12.21333333,-76.93722222
150143,Lima,Lima,Villa María Del Triunfo,Villa María del Triunfo,-12.1625,-76.94361111
150201,Lima,Barranca,Barranca,Barranca,-10.75333333,-77.765
150202,Lima,Barranca,Paramonga,Paramonga,-10.67472222,-77.81805556
150203,Lima,Barranca,Pativilca,Pativilca,-10.69611111,-77.78027778
150204,Lima,Barranca,Supe,Supe,-10.79611111,-77.71611111
150205,Lima,Barranca,Supe Puerto,Supe Puerto,-10.80166667,-77.74472222
150301,Lima,Cajatambo,Cajatambo,Cajatambo,-10.47305556,-76.99305556
150302,Lima,Cajatambo,Copa,Copa,-10.38638889,-77.07888889
150303,Lima,Cajatambo,Gorgor,Gorgor,-10.62111111,-77.04138889
150304,Lima,Cajatambo,Huancapón,Huancapón,-10.54944444,-77.1125
150305,Lima,Cajatambo,Manas,Manas,-10.59555556,-77.16722222
150401,Lima,Canta,Canta,Canta,-11.46722222,-76.62444444
150402,Lima,Canta,Arahuay,Arahuay,-11.62138889,-76.67027778
150403,Lima,Canta,Huamantanga,Huamantanga,-11.49916667,-76.74944444
150404,Lima,Canta,Huaros,Huaros,-11.40666667,-76.57583333
150405,Lima,Canta,Lachaqui,Lachaqui,-11.55305556,-76.62555556
150406,Lima,Canta,San Buenaventura,San Buenaventura,-11.48916667,-76.66222222
150407,Lima,Canta,Santa Rosa de Quives,Yangas,-11.69527778,-76.84611111
150501,Lima,Cañete,San Vicente de Cañete,San Vicente de Cañete,-13.07777778,-76.38777778
150502,Lima,Cañete,Asia,Asia,-12.77916667,-76.55666667
150503,Lima,Cañete,Calango,Calango,-12.52638889,-76.54361111
150504,Lima,Cañete,Cerro Azul,Cerro Azul,-13.025,-76.47888889
150505,Lima,Cañete,Chilca,Chilca,-12.51805556,-76.73805556
150506,Lima,Cañete,Coayllo,Coayllo,-12.72722222,-76.46027778
150507,Lima,Cañete,Imperial,Imperial,-13.06055556,-76.35277778
150508,Lima,Cañete,Lunahuana,Lunahuana,-12.97055556,-76.15111111
150509,Lima,Cañete,Mala,Mala,-12.6575,-76.6325
150510,Lima,Cañete,Nuevo Imperial,Nuevo Imperial,-13.07555556,-76.31666667
150511,Lima,Cañete,Pacarán,Pacarán,-12.86611111,-76.05416667
150512,Lima,Cañete,Quilmana,Quilmana,-12.94944444,-76.38277778
150513,Lima,Cañete,San Antonio,San Antonio,-12.64222222,-76.64944444
150514,Lima,Cañete,San Luis,San Luis,-13.05111111,-76.43111111
150515,Lima,Cañete,Santa Cruz de Flores,Santa Cruz de Flores,-12.61972222,-76.63972222
150516,Lima,Cañete,Zuñiga,Zuñiga,-12.86027778,-76.0225
150601,Lima,Huaral,Huaral,Huaral,-11.49527778,-77.20694444
150602,Lima,Huaral,Atavillos Alto,Pirca,-11.23416667,-76.65583333
150603,Lima,Huaral,Atavillos Bajo,San Agustín deHuayopampa,-11.35194444,-76.82555556
150604,Lima,Huaral,Aucallama,Aucallama,-11.55944444,-77.18
150605,Lima,Huaral,Chancay,Chancay,-11.56305556,-77.27055556
150606,Lima,Huaral,Ihuari,Ihuari,-11.18861111,-76.95194444
150607,Lima,Huaral,Lampián,Lampián,-11.23777778,-76.83916667
150608,Lima,Huaral,Pacaraos,Pacaraos,-11.18611111,-76.64777778
150609,Lima,Huaral,San Miguel de Acos,Acos,-11.27388889,-76.82194444
150610,Lima,Huaral,Santa Cruz de Andamarca,Santa Cruz de Andamarca,-11.19472222,-76.63444444
150611,Lima,Huaral,Sumbilca,Sumbilca,-11.40666667,-76.81972222
150612,Lima,Huaral,Veintisiete de Noviembre,Carac,-11.19222222,-76.77972222
150701,Lima,Huarochirí,Matucana,Matucana,-11.845,-76.38611111
150702,Lima,Huarochirí,Antioquía,Antioquía,-12.08083333,-76.51083333
150703,Lima,Huarochirí,Callahuanca,Callahuanca,-11.82638889,-76.61888889
150704,Lima,Huarochirí,Carampoma,Carampoma,-11.65638889,-76.51638889
150705,Lima,Huarochirí,Chicla,Chicla,-11.70638889,-76.26805556
150706,Lima,Huarochirí,Cuenca,San José de Los Chorrillos,-12.13222222,-76.43527778
150707,Lima,Huarochirí,Huachupampa,San Lorenzo de Huachupampa,-11.72111111,-76.58861111
150708,Lima,Huarochirí,Huanza,Huanza,-11.65611111,-76.50361111
150709,Lima,Huarochirí,Huarochirí,Huarochirí,-12.13611111,-76.23194444
150710,Lima,Huarochirí,Lahuaytambo,Lahuaytambo,-12.09638889,-76.38888889
150711,Lima,Huarochirí,Langa,Langa,-12.12555556,-76.42111111
150712,Lima,Huarochirí,San Pedro de Laraos,Laraos,-11.66444444,-76.53944444
150713,Lima,Huarochirí,Mariatana,Mariatana,-12.23722222,-76.32611111
150714,Lima,Huarochirí,Ricardo Palma,Ricardo Palma,-11.92361111,-76.665
150715,Lima,Huarochirí,San Andrés de Tupicocha,San Andrés de Tupicocha,-12.00222222,-76.47472222
150716,Lima,Huarochirí,San Antonio,Chaclla,-11.74361111,-76.65
150717,Lima,Huarochirí,San Bartolomé,San Bartolomé,-11.91194444,-76.52916667
150718,Lima,Huarochirí,San Damian,San Damián,-12.01777778,-76.39194444
150719,Lima,Huarochirí,San Juan de Iris,San Juan de Iris,-11.68305556,-76.525
150720,Lima,Huarochirí,San Juan de Tantaranche,San Juan de Tantaranche,-12.11361111,-76.1825
150721,Lima,Huarochirí,San Lorenzo de Quinti,San Lorenzo de Quinti,-12.14527778,-76.2125
150722,Lima,Huarochirí,San Mateo,San Mateo,-11.75916667,-76.30055556
150723,Lima,Huarochirí,San Mateo de Otao,San Juan de Lanca,-11.87027778,-76.54388889
150724,Lima,Huarochirí,San Pedro de Casta,San Pedro de Casta,-11.75888889,-76.59638889
150725,Lima,Huarochirí,San Pedro de Huancayre,San Pedro,-12.13138889,-76.21555556
150726,Lima,Huarochirí,Sangallaya,Sangallaya,-12.16083333,-76.22888889
150727,Lima,Huarochirí,Santa Cruz de Cocachacra,Cocachacra,-11.91166667,-76.53944444
150728,Lima,Huarochirí,Santa Eulalia,Santa Eulalia,-11.90166667,-76.66388889
150729,Lima,Huarochirí,Santiago de Anchucaya,Santiago de Anchucaya,-12.09555556,-76.23055556
150730,Lima,Huarochirí,Santiago de Tuna,Santiago de Tuna,-11.98388889,-76.52527778
150731,Lima,Huarochirí,Santo Domingo de Los Olleros,Santo Domingo de Los Olleros,-12.21888889,-76.51416667
150732,Lima,Huarochirí,Surco,Surco,-11.8825,-76.43611111
150801,Lima,Huaura,Huacho,Huacho,-11.10805556,-77.61027778
150802,Lima,Huaura,Ambar,Ambar,-10.75611111,-77.27194444
150803,Lima,Huaura,Caleta de Carquín,Caleta de Carquín,-11.09166667,-77.62833333
150804,Lima,Huaura,Checras,Maray,-10.91805556,-76.82555556
150805,Lima,Huaura,Hualmay,Hualmay,-11.09666667,-77.61305556
150806,Lima,Huaura,Huaura,Huaura,-11.06972222,-77.59916667
150807,Lima,Huaura,Leoncio Prado,Santa Cruz,-11.06111111,-76.93027778
150808,Lima,Huaura,Paccho,Paccho,-10.9575,-76.93333333
150809,Lima,Huaura,Santa Leonor,Jucul,-10.94861111,-76.745
150810,Lima,Huaura,Santa María,Cruz Blanca,-11.09666667,-77.595
150811,Lima,Huaura,Sayán,Sayán,-11.13527778,-77.19361111
150812,Lima,Huaura,Vegueta,Vegueta,-11.02333333,-77.64388889
150901,Lima,Oyón,Oyón,Oyón,-10.66805556,-76.77333333
150902,Lima,Oyón,Andajes,Andajes,-10.79277778,-76.90916667
150903,Lima,Oyón,Caujul,Caujul,-10.80583333,-76.97916667
150904,Lima,Oyón,Cochamarca,Cochamarca,-10.86333333,-77.12888889
150905,Lima,Oyón,Naván,Naván,-10.83777778,-77.01444444
150906,Lima,Oyón,Pachangara,Churin,-10.81111111,-76.875
151001,Lima,Yauyos,Yauyos,Yauyos,-12.45972222,-75.91833333
151002,Lima,Yauyos,Alis,Alis,-12.28111111,-75.78638889
151003,Lima,Yauyos,Allauca,Allauca,-12.59111111,-76.03694444
151004,Lima,Yauyos,Ayaviri,Ayaviri,-12.3825,-76.13694444
151005,Lima,Yauyos,Azángaro,Azángaro,-13,-75.83722222
151006,Lima,Yauyos,Cacra,Cacra,-12.8125,-75.78305556
151007,Lima,Yauyos,Carania,Carania,-12.34555556,-75.86944444
151008,Lima,Yauyos,Catahuasi,Catahuasi,-12.79944444,-75.89138889
151009,Lima,Yauyos,Chocos,Chocos,-12.91444444,-75.86277778
151010,Lima,Yauyos,Cochas,Cochas,-12.29416667,-76.1575
151011,Lima,Yauyos,Colonia,Colonia,-12.63388889,-75.89027778
151012,Lima,Yauyos,Hongos,Hongos,-12.81083333,-75.76527778
151013,Lima,Yauyos,Huampara,Huampara,-12.36027778,-76.16722222
151014,Lima,Yauyos,Huancaya,Huancaya,-12.20333333,-75.79916667
151015,Lima,Yauyos,Huangascar,Huangascar,-12.89944444,-75.83194444
151016,Lima,Yauyos,Huantan,Huantan,-12.45638889,-75.81166667
151017,Lima,Yauyos,Huañec,Huañec,-12.29388889,-76.13861111
151018,Lima,Yauyos,Laraos,Laraos,-12.34666667,-75.78583333
151019,Lima,Yauyos,Lincha,Lincha,-12.79972222,-75.66666667
151020,Lima,Yauyos,Madean,Madean,-12.94444444,-75.77722222
151021,Lima,Yauyos,Miraflores,Miraflores,-12.27444444,-75.85027778
151022,Lima,Yauyos,Omas,Omas,-12.51472222,-76.28944444
151023,Lima,Yauyos,Putinza,San Lorenzo de Putinza,-12.66805556,-75.94944444
151024,Lima,Yauyos,Quinches,Quinches,-12.30777778,-76.14333333
151025,Lima,Yauyos,Quinocay,Quinocay,-12.36222222,-76.22638889
151026,Lima,Yauyos,San Joaquín,San Joaquín,-12.28388889,-76.14694444
151027,Lima,Yauyos,San Pedro de Pilas,San Pedro de Pilas,-12.45444444,-76.22694444
151028,Lima,Yauyos,Tanta,Tanta,-12.12222222,-76.01333333
151029,Lima,Yauyos,Tauripampa,Tauripampa,-12.61722222,-76.16194444
151030,Lima,Yauyos,Tomás,Tomás,-12.23777778,-75.745
151031,Lima,Yauyos,Tupe,Tupe,-12.74111111,-75.80944444
151032,Lima,Yauyos,Viñac,Viñac,-12.93111111,-75.78
151033,Lima,Yauyos,Vitis,Vitis,-12.22388889,-75.80805556
160101,Loreto,Maynas,Iquitos,Iquitos,-3.74805556,-73.24416667
160102,Loreto,Maynas,Alto Nanay,Santa María de Nanay,-3.88833333,-73.6975
160103,Loreto,Maynas,Fernando Lores,Tamshiyacu,-4.00166667,-73.15694444
160104,Loreto,Maynas,Indiana,Indiana,-3.50027778,-73.04111111
160105,Loreto,Maynas,Las Amazonas,Francisco de Orellana,-3.42305556,-72.76444444
160106,Loreto,Maynas,Mazan,Mazan,-3.48861111,-73.08166667
160107,Loreto,Maynas,Napo,Santa Clotilde,-2.48916667,-73.67611111
160108,Loreto,Maynas,Punchana,Punchana,-3.72861111,-73.24194444
160110,Loreto,Maynas,Torres Causana,Pantoja,-0.97055556,-75.17416667
160112,Loreto,Maynas,Belén,Belén,-3.76916667,-73.26
160113,Loreto,Maynas,San Juan Bautista,San Juan,-3.77027778,-73.28027778
160201,Loreto,Alto Amazonas,Yurimaguas,Yurimaguas,-5.88416667,-76.12805556
160202,Loreto,Alto Amazonas,Balsapuerto,Balsapuerto,-5.83333333,-76.55972222
160205,Loreto,Alto Amazonas,Jeberos,Jeberos,-5.29083333,-76.28333333
160206,Loreto,Alto Amazonas,Lagunas,Lagunas,-5.22388889,-75.675
160210,Loreto,Alto Amazonas,Santa Cruz,Santa Cruz,-5.51333333,-75.85888889
160211,Loreto,Alto Amazonas,Teniente César López Rojas,Shucushuyacu,-6.02555556,-75.87416667
160301,Loreto,Loreto,Nauta,Nauta,-4.50138889,-73.56944444
160302,Loreto,Loreto,Parinari,Parinari,-4.63166667,-74.46305556
160303,Loreto,Loreto,Tigre,Intutu,-3.48972222,-74.78166667
160304,Loreto,Loreto,Trompeteros,Villa Trompeteros,-3.805,-75.06055556
160305,Loreto,Loreto,Urarinas,Concordia,-4.5875,-74.76722222
160401,Loreto,Mariscal Ramón Castilla,Ramón Castilla,Caballococha,-3.90611111,-70.51694444
160402,Loreto,Mariscal Ramón Castilla,Pebas,Pebas,-3.32027778,-71.86194444
160403,Loreto,Mariscal Ramón Castilla,Yavari,Amelia,-4.35361111,-70.04166667
160404,Loreto,Mariscal Ramón Castilla,San Pablo,San Pablo de Loreto,-4.02027778,-71.10305556
160501,Loreto,Requena,Requena,Requena,-5.06388889,-73.85666667
160502,Loreto,Requena,Alto Tapiche,Santa Elena,-6.02555556,-74.09416667
160503,Loreto,Requena,Capelo,Flor de Punga,-5.40527778,-74.15777778
160504,Loreto,Requena,Emilio San Martín,Tamanco,-5.79361111,-74.28388889
160505,Loreto,Requena,Maquia,Santa Isabel,-5.74972222,-74.53777778
160506,Loreto,Requena,Puinahua,Bretaña,-5.25555556,-74.34555556
160507,Loreto,Requena,Saquena,Bagazan,-4.725,-73.53305556
160508,Loreto,Requena,Soplin,Nueva Alejandria (Curinga),-6.00777778,-73.6925
160509,Loreto,Requena,Tapiche,Iberia,-5.69361111,-74.13777778
160510,Loreto,Requena,Jenaro Herrera,Jenaro Herrera,-4.90361111,-73.67055556
160511,Loreto,Requena,Yaquerana,Angamos,-5.14888889,-72.87527778
160601,Loreto,Ucayali,Contamana,Contamana,-7.35055556,-75.00972222
160602,Loreto,Ucayali,Inahuaya,Inahuaya,-7.11694444,-75.2625
160603,Loreto,Ucayali,Padre Márquez,Tiruntan,-7.94666667,-74.84083333
160604,Loreto,Ucayali,Pampa Hermosa,Pampa Hermosa,-7.19638889,-75.29444444
160605,Loreto,Ucayali,Sarayacu,Dos de Mayo,-6.39305556,-75.11694444
160606,Loreto,Ucayali,Vargas Guerra,Orellana,-6.91111111,-75.15888889
160701,Loreto,Datem del Marañón,Barranca,San Lorenzo,-4.83111111,-76.555
160702,Loreto,Datem del Marañón,Cahuapanas,Santa Maria de Cahuapanas,-5.24916667,-77.04138889
160703,Loreto,Datem del Marañón,Manseriche,Saramiriza,-4.56361111,-77.41722222
160704,Loreto,Datem del Marañón,Morona,Puerto Alegria,-4.32638889,-77.21611111
160705,Loreto,Datem del Marañón,Pastaza,Ullpayacu,-4.65111111,-76.5875
160706,Loreto,Datem del Marañón,Andoas,Alianza Cristiana,-3.47555556,-76.43361111
160801,Loreto,Putumayo,Putumayo,San Antonio del Estrecho,-2.44694444,-72.66805556
160802,Loreto,Putumayo,Rosa Panduro,Santa Mercedes,-1.78861111,-73.41305556
160803,Loreto,Putumayo,Teniente Manuel Clavero,Soplin Vargas,-0.37333333,-74.67583333
160804,Loreto,Putumayo,Yaguas,Remanso,-2.40805556,-71.17666667
170101,Madre de Dios,Tambopata,Tambopata,Puerto Maldonado,-12.59361111,-69.17666667
170102,Madre de Dios,Tambopata,Inambari,Mazuko,-13.10138889,-70.37166667
170103,Madre de Dios,Tambopata,Las Piedras,Las Piedras (Planchon),-12.27916667,-69.15027778
170104,Madre de Dios,Tambopata,Laberinto,Puerto Rosario de Laberinto,-12.71722222,-69.58666667
170201,Madre de Dios,Manu,Manu,Salvación,-12.83722222,-71.36527778
170202,Madre de Dios,Manu,Fitzcarrald,Boca Manu,-12.26527778,-70.91
170203,Madre de Dios,Manu,Madre de Dios,Boca Colorado,-12.61861111,-70.39416667
170204,Madre de Dios,Manu,Huepetuhe,Huepetuhe,-12.99361111,-70.52722222
170301,Madre de Dios,Tahuamanu,Iñapari,Iñapari,-10.945,-69.57666667
170302,Madre de Dios,Tahuamanu,Iberia,Iberia,-11.41083333,-69.48694444
170303,Madre de Dios,Tahuamanu,Tahuamanu,San Lorenzo,-11.45472222,-69.32138889
180101,Moquegua,Mariscal Nieto,Moquegua,Moquegua,-17.19416667,-70.93333333
180102,Moquegua,Mariscal Nieto,Carumas,Carumas,-16.80916667,-70.69472222
180103,Moquegua,Mariscal Nieto,Cuchumbaya,Cuchumbaya,-16.75083333,-70.68611111
180104,Moquegua,Mariscal Nieto,Samegua,Samegua,-17.18222222,-70.90027778
180105,Moquegua,Mariscal Nieto,San Cristóbal,Calacoa,-16.73916667,-70.68333333
180106,Moquegua,Mariscal Nieto,Torata,Torata,-17.07666667,-70.84416667
180107,Moquegua,Mariscal Nieto,San Antonio,San Antonio,-17.20777778,-70.95036111
180201,Moquegua,General Sánchez Cerro,Omate,Omate,-16.67361111,-70.97055556
180202,Moquegua,General Sánchez Cerro,Chojata,Chojata,-16.38833333,-70.73027778
180203,Moquegua,General Sánchez Cerro,Coalaque,Coalaque,-16.64888889,-71.02166667
180204,Moquegua,General Sánchez Cerro,Ichuña,Ichuña,-16.14055556,-70.53555556
180205,Moquegua,General Sánchez Cerro,La Capilla,La Capilla,-16.75666667,-71.17916667
180206,Moquegua,General Sánchez Cerro,Lloque,Lloque,-16.32388889,-70.73861111
180207,Moquegua,General Sánchez Cerro,Matalaque,Matalaque,-16.48111111,-70.82666667
180208,Moquegua,General Sánchez Cerro,Puquina,Puquina,-16.62527778,-71.18388889
180209,Moquegua,General Sánchez Cerro,Quinistaquillas,Quinistaquillas,-16.74888889,-70.88027778
180210,Moquegua,General Sánchez Cerro,Ubinas,Ubinas,-16.38666667,-70.85555556
180211,Moquegua,General Sánchez Cerro,Yunga,Yunga,-16.195,-70.67777778
180301,Moquegua,Ilo,Ilo,Ilo,-17.625,-71.34333333
180302,Moquegua,Ilo,El Algarrobal,El Algarrobal,-17.62277778,-71.26833333
180303,Moquegua,Ilo,Pacocha,Pueblo Nuevo,-17.61083333,-71.34027778
190101,Pasco,Pasco,Chaupimarca,Cerro de Pasco,-10.6825,-76.25694444
190102,Pasco,Pasco,Huachón,Huachón,-10.63638889,-75.95111111
190103,Pasco,Pasco,Huariaca,Huariaca,-10.43916667,-76.19166667
190104,Pasco,Pasco,Huayllay,Huayllay,-11.00194444,-76.36472222
190105,Pasco,Pasco,Ninacaca,Ninacaca,-10.85555556,-76.11305556
190106,Pasco,Pasco,Pallanchacra,Pallanchacra,-10.41527778,-76.23555556
190107,Pasco,Pasco,Paucartambo,Paucartambo,-10.77444444,-75.81333333
190108,Pasco,Pasco,San Francisco de Asís de Yarusyacán,Yarusyacán,-10.49,-76.19611111
190109,Pasco,Pasco,Simón Bolívar,San Antonio de Rancas,-10.68916667,-76.31638889
190110,Pasco,Pasco,Ticlacayan,Ticlacayan,-10.535,-76.16416667
190111,Pasco,Pasco,Tinyahuarco,Tinyahuarco (Smelter),-10.76972222,-76.27694444
190112,Pasco,Pasco,Vicco,Vicco,-10.83833333,-76.23833333
190113,Pasco,Pasco,Yanacancha,Yanacancha,-10.66333333,-76.25305556
190201,Pasco,Daniel Alcides Carrión,Yanahuanca,Yanahuanca,-10.49138889,-76.51638889
190202,Pasco,Daniel Alcides Carrión,Chacayan,Chacayan,-10.43444444,-76.43722222
190203,Pasco,Daniel Alcides Carrión,Goyllarisquizga,Goyllarisquizga,-10.47305556,-76.40833333
190204,Pasco,Daniel Alcides Carrión,Paucar,Paucar,-10.37111111,-76.44333333
190205,Pasco,Daniel Alcides Carrión,San Pedro de Pillao,San Pedro de Pillao,-10.43888889,-76.49527778
190206,Pasco,Daniel Alcides Carrión,Santa Ana de Tusi,Santa Ana de Tusi,-10.4725,-76.35361111
190207,Pasco,Daniel Alcides Carrión,Tapuc,Tapuc,-10.45472222,-76.4625
190208,Pasco,Daniel Alcides Carrión,Vilcabamba,Vilcabamba,-10.47861111,-76.44694444
190301,Pasco,Oxapampa,Oxapampa,Oxapampa,-10.575,-75.40472222
190302,Pasco,Oxapampa,Chontabamba,Chontabamba,-10.60222222,-75.43888889
190303,Pasco,Oxapampa,Huancabamba,Huancabamba,-10.42611111,-75.52388889
190304,Pasco,Oxapampa,Palcazu,Iscozacin,-10.18416667,-75.14805556
190305,Pasco,Oxapampa,Pozuzo,Pozuzo,-10.07111111,-75.55027778
190306,Pasco,Oxapampa,Puerto Bermúdez,Puerto Bermúdez,-10.29916667,-74.93722222
190307,Pasco,Oxapampa,Villa Rica,Villa Rica,-10.73916667,-75.27583333
190308,Pasco,Oxapampa,Constitución,Constitución,-9.85638889,-75.01694444
200101,Piura,Piura,Piura,Piura,-5.1525,-80.65777778
200104,Piura,Piura,Castilla,Castilla,-5.20138889,-80.62277778
200105,Piura,Piura,Catacaos,Catacaos,-5.26722222,-80.6725
200107,Piura,Piura,Cura Mori,Cucungara,-5.32361111,-80.66555556
200108,Piura,Piura,El Tallán,Sinchao,-5.40916667,-80.68111111
200109,Piura,Piura,La Arena,La Arena,-5.34305556,-80.70361111
200110,Piura,Piura,La Unión,La Unión,-5.38833333,-80.73722222
200111,Piura,Piura,Las Lomas,Las Lomas,-4.65,-80.23916667
200114,Piura,Piura,Tambo Grande,Tambo Grande,-4.92805556,-80.33722222
200115,Piura,Piura,Veintiséis de Octubre,San Martín,-5.17916667,-80.67805556
200201,Piura,Ayabaca,Ayabaca,Ayabaca,-4.64055556,-79.71527778
200202,Piura,Ayabaca,Frías,Frías,-4.93166667,-79.9475
200203,Piura,Ayabaca,Jilili,Jilili,-4.58472222,-79.79722222
200204,Piura,Ayabaca,Lagunas,Lagunas,-4.78916667,-79.845
200205,Piura,Ayabaca,Montero,Montero,-4.63222222,-79.82888889
200206,Piura,Ayabaca,Pacaipampa,Pacaipampa,-4.99555556,-79.66777778
200207,Piura,Ayabaca,Paimas,Paimas,-4.6275,-79.94555556
200208,Piura,Ayabaca,Sapillica,Sapillica,-4.77916667,-79.98222222
200209,Piura,Ayabaca,Sicchez,Sicchez,-4.57,-79.76388889
200210,Piura,Ayabaca,Suyo,Suyo,-4.51277778,-80.0025
200301,Piura,Huancabamba,Huancabamba,Huancabamba,-5.23861111,-79.45027778
200302,Piura,Huancabamba,Canchaque,Canchaque,-5.37583333,-79.60555556
200303,Piura,Huancabamba,El Carmen de La Frontera,Sapalache,-5.14833333,-79.42833333
200304,Piura,Huancabamba,Huarmaca,Huarmaca,-5.56805556,-79.52444444
200305,Piura,Huancabamba,Lalaquiz,Tunal,-5.21583333,-79.68
200306,Piura,Huancabamba,San Miguel de El Faique,San Miguel de El Faique,-5.40194444,-79.60611111
200307,Piura,Huancabamba,Sondor,Sondor,-5.31555556,-79.40972222
200308,Piura,Huancabamba,Sondorillo,Sondorillo,-5.33944444,-79.42861111
200401,Piura,Morropón,Chulucanas,Chulucanas,-5.09722222,-80.16027778
200402,Piura,Morropón,Buenos Aires,Buenos Aires,-5.26694444,-79.96694444
200403,Piura,Morropón,Chalaco,Chalaco,-5.04111111,-79.79555556
200404,Piura,Morropón,La Matanza,La Matanza,-5.21361111,-80.09055556
200405,Piura,Morropón,Morropón,Morropón,-5.18611111,-79.96916667
200406,Piura,Morropón,Salitral,Salitral,-5.34194444,-79.83361111
200407,Piura,Morropón,San Juan de Bigote,Bigote,-5.31944444,-79.78611111
200408,Piura,Morropón,Santa Catalina de Mossa,Paltashaco,-5.10277778,-79.885
200409,Piura,Morropón,Santo Domingo,Santo Domingo,-5.02944444,-79.87583333
200410,Piura,Morropón,Yamango,Yamango,-5.18083333,-79.75111111
200501,Piura,Paita,Paita,Paita,-5.09305556,-81.09944444
200502,Piura,Paita,Amotape,Amotape,-4.88194444,-81.01527778
200503,Piura,Paita,Arenal,Arenal,-4.88361111,-81.02638889
200504,Piura,Paita,Colan,San Lucas (Pueblo Nuevo de Colan),-4.90055556,-81.05638889
200505,Piura,Paita,La Huaca,La Huaca,-4.91027778,-80.96138889
200506,Piura,Paita,Tamarindo,Tamarindo,-4.87833333,-80.97583333
200507,Piura,Paita,Vichayal,San Felipe de Vichayal,-4.86416667,-81.07305556
200601,Piura,Sullana,Sullana,Sullana,-4.89055556,-80.68777778
200602,Piura,Sullana,Bellavista,Bellavista,-4.89,-80.68027778
200603,Piura,Sullana,Ignacio Escudero,San Jacinto,-4.84611111,-80.87305556
200604,Piura,Sullana,Lancones,Lancones,-4.63277778,-80.54555556
200605,Piura,Sullana,Marcavelica,Marcavelica,-4.88166667,-80.70361111
200606,Piura,Sullana,Miguel Checa,Sojo,-4.90027778,-80.81472222
200607,Piura,Sullana,Querecotillo,Querecotillo,-4.83916667,-80.64833333
200608,Piura,Sullana,Salitral,Salitral,-4.85694444,-80.68083333
200701,Piura,Talara,Pariñas,Talara,-4.57944444,-81.26944444
200702,Piura,Talara,El Alto,El Alto,-4.26861111,-81.22138889
200703,Piura,Talara,La Brea,Negritos,-4.65472222,-81.30583333
200704,Piura,Talara,Lobitos,Lobitos,-4.45694444,-81.285
200705,Piura,Talara,Los Órganos,Los Órganos,-4.17916667,-81.12944444
200706,Piura,Talara,Máncora,Máncora,-4.10694444,-81.05388889
200801,Piura,Sechura,Sechura,Sechura,-5.55722222,-80.82222222
200802,Piura,Sechura,Bellavista de La Unión,Bellavista,-5.44027778,-80.755
200803,Piura,Sechura,Bernal,Bernal,-5.45888889,-80.74194444
200804,Piura,Sechura,Cristo Nos Valga,San Cristo,-5.49305556,-80.74111111
200805,Piura,Sechura,Vice,Vice,-5.42222222,-80.77638889
200806,Piura,Sechura,Rinconada Llicuar,Dos Pueblos,-5.46361111,-80.76527778
210101,Puno,Puno,Puno,Puno,-15.84027778,-70.02805556
210102,Puno,Puno,Acora,Acora,-15.97361111,-69.79777778
210103,Puno,Puno,Amantani,Amantani,-15.65722222,-69.71833333
210104,Puno,Puno,Atuncolla,Atuncolla,-15.68833333,-70.14388889
210105,Puno,Puno,Capachica,Capachica,-15.64166667,-69.83083333
210106,Puno,Puno,Chucuito,Chucuito,-15.89472222,-69.88944444
210107,Puno,Puno,Coata,Coata,-15.57138889,-69.95055556
210108,Puno,Puno,Huata,Huata,-15.615,-69.97138889
210109,Puno,Puno,Mañazo,Mañazo,-15.80111111,-70.34333333
210110,Puno,Puno,Paucarcolla,Paucarcolla,-15.74555556,-70.05611111
210111,Puno,Puno,Pichacani,Laraqueri,-16.15,-70.06333333
210112,Puno,Puno,Platería,Platería,-15.94833333,-69.83333333
210113,Puno,Puno,San Antonio,San Antonio de Esquilache,-16.14055556,-70.34388889
210114,Puno,Puno,Tiquillaca,Tiquillaca,-15.79694444,-70.18666667
210115,Puno,Puno,Vilque,Vilque,-15.76666667,-70.25888889
210201,Puno,Azángaro,Azángaro,Azángaro,-14.90805556,-70.19555556
210202,Puno,Azángaro,Achaya,Achaya,-15.28472222,-70.16111111
210203,Puno,Azángaro,Arapa,Arapa,-15.13888889,-70.11
210204,Puno,Azángaro,Asillo,Asillo,-14.78638889,-70.35361111
210205,Puno,Azángaro,Caminaca,Caminaca,-15.32472222,-70.07277778
210206,Puno,Azángaro,Chupa,Chupa,-15.10583333,-69.98722222
210207,Puno,Azángaro,José Domingo Choquehuanca,Estación de Pucara,-15.03388889,-70.33805556
210208,Puno,Azángaro,Muñani,Muñani,-14.77083333,-69.95555556
210209,Puno,Azángaro,Potoni,Potoni,-14.39,-70.105
210210,Puno,Azángaro,Saman,Saman,-15.29194444,-70.01722222
210211,Puno,Azángaro,San Antón,San Antón,-14.58388889,-70.31722222
210212,Puno,Azángaro,San José,San José,-14.68027778,-70.16
210213,Puno,Azángaro,San Juan de Salinas,San Juan de Salinas,-14.99138889,-70.10611111
210214,Puno,Azángaro,Santiago de Pupuja,Santiago de Pupuja,-15.05277778,-70.27805556
210215,Puno,Azángaro,Tirapata,Tirapata,-14.955,-70.40277778
210301,Puno,Carabaya,Macusani,Macusani,-14.06861111,-70.43111111
210302,Puno,Carabaya,Ajoyani,Ajoyani,-14.22944444,-70.22361111
210303,Puno,Carabaya,Ayapata,Ayapata,-13.77666667,-70.32277778
210304,Puno,Carabaya,Coasa,Coasa,-13.98916667,-70.01583333
210305,Puno,Carabaya,Corani,Corani,-13.86861111,-70.60444444
210306,Puno,Carabaya,Crucero,Crucero,-14.36166667,-70.02361111
210307,Puno,Carabaya,Ituata,Ituata,-13.87638889,-70.21388889
210308,Puno,Carabaya,Ollachea,Ollachea,-13.79388889,-70.4725
210309,Puno,Carabaya,San Gabán,Lanlacuni Bajo,-13.43833333,-70.40277778
210310,Puno,Carabaya,Usicayos,Usicayos,-14.12527778,-69.9675
210401,Puno,Chucuito,Juli,Juli,-16.21277778,-69.45944444
210402,Puno,Chucuito,Desaguadero,Desaguadero,-16.56444444,-69.03944444
210403,Puno,Chucuito,Huacullani,Huacullani,-16.63055556,-69.32194444
210404,Puno,Chucuito,Kelluyo,Kelluyo,-16.72694444,-69.25027778
210405,Puno,Chucuito,Pisacoma,Pisacoma,-16.90861111,-69.37138889
210406,Puno,Chucuito,Pomata,Pomata,-16.27361111,-69.29277778
210407,Puno,Chucuito,Zepita,Zepita,-16.49694444,-69.10333333
210501,Puno,El Collao,Ilave,Ilave,-16.08694444,-69.63805556
210502,Puno,El Collao,Capazo,Capazo,-17.18388889,-69.74444444
210503,Puno,El Collao,Pilcuyo,Pilcuyo,-16.11083333,-69.55416667
210504,Puno,El Collao,Santa Rosa,Mazo Cruz,-16.74222222,-69.71666667
210505,Puno,El Collao,Conduriri,Conduriri,-16.62194444,-69.70861111
210601,Puno,Huancané,Huancané,Huancané,-15.20083333,-69.76777778
210602,Puno,Huancané,Cojata,Cojata,-15.01527778,-69.36555556
210603,Puno,Huancané,Huatasani,Huatasani,-15.05944444,-69.80194444
210604,Puno,Huancané,Inchupalla,Inchupalla,-15.00972222,-69.68277778
210605,Puno,Huancané,Pusi,Pusi,-15.44194444,-69.92972222
210606,Puno,Huancané,Rosaspata,Rosaspata,-15.23472222,-69.5275
210607,Puno,Huancané,Taraco,Taraco,-15.29722222,-69.97833333
210608,Puno,Huancané,Vilque Chico,Vilque Chico,-15.21388889,-69.68916667
210701,Puno,Lampa,Lampa,Lampa,-15.36472222,-70.36777778
210702,Puno,Lampa,Cabanilla,Cabanilla,-15.62027778,-70.34555556
210703,Puno,Lampa,Calapuja,Calapuja,-15.31055556,-70.22166667
210704,Puno,Lampa,Nicasio,Nicasio,-15.23555556,-70.26111111
210705,Puno,Lampa,Ocuviri,Ocuviri,-15.11388889,-70.90916667
210706,Puno,Lampa,Palca,Palca,-15.23694444,-70.59805556
210707,Puno,Lampa,Paratia,Paratia,-15.45416667,-70.59972222
210708,Puno,Lampa,Pucará,Pucará,-15.04166667,-70.36777778
210709,Puno,Lampa,Santa Lucía,Santa Lucía,-15.69944444,-70.60638889
210710,Puno,Lampa,Vilavila,Vilavila,-15.18833333,-70.66
210801,Puno,Melgar,Ayaviri,Ayaviri,-14.88166667,-70.58944444
210802,Puno,Melgar,Antauta,Antauta,-14.29972222,-70.29222222
210803,Puno,Melgar,Cupi,Cupi,-14.905,-70.86666667
210804,Puno,Melgar,Llalli,Llalli,-14.94805556,-70.88055556
210805,Puno,Melgar,Macari,Macari,-14.77166667,-70.90333333
210806,Puno,Melgar,Nuñoa,Nuñoa,-14.47611111,-70.63638889
210807,Puno,Melgar,Orurillo,Orurillo,-14.72777778,-70.51222222
210808,Puno,Melgar,Santa Rosa,Santa Rosa,-14.6075,-70.78777778
210809,Puno,Melgar,Umachiri,Umachiri,-14.85388889,-70.75388889
210901,Puno,Moho,Moho,Moho,-15.36027778,-69.49972222
210902,Puno,Moho,Conima,Conima,-15.45777778,-69.43777778
210903,Puno,Moho,Huayrapata,Huayrapata,-15.32138889,-69.34111111
210904,Puno,Moho,Tilali,Tilali,-15.515,-69.34805556
211001,Puno,San Antonio de Putina,Putina,Putina,-14.91416667,-69.86888889
211002,Puno,San Antonio de Putina,Ananea,Ananea,-14.67861111,-69.535
211003,Puno,San Antonio de Putina,Pedro Vilca Apaza,Ayrampuni,-15.06361111,-69.88166667
211004,Puno,San Antonio de Putina,Quilcapuncu,Quilcapuncu,-14.89361111,-69.73027778
211005,Puno,San Antonio de Putina,Sina,Sina,-14.49666667,-69.28027778
211101,Puno,San Román,Juliaca,Juliaca,-15.48388889,-70.13333333
211102,Puno,San Román,Cabana,Cabana,-15.64916667,-70.32194444
211103,Puno,San Román,Cabanillas,Deustua,-15.64444444,-70.35388889
211104,Puno,San Román,Caracoto,Caracoto,-15.5675,-70.1025
211105,Puno,San Román,San Miguel,San Miguel,-15.46027778,-70.12694444
211201,Puno,Sandia,Sandia,Sandia,-14.32222222,-69.46638889
211202,Puno,Sandia,Cuyocuyo,Cuyocuyo,-14.47027778,-69.53722222
211203,Puno,Sandia,Limbani,Limbani,-14.14972222,-69.69055556
211204,Puno,Sandia,Patambuco,Patambuco,-14.36166667,-69.61944444
211205,Puno,Sandia,Phara,Phara,-14.15194444,-69.66527778
211206,Puno,Sandia,Quiaca,Quiaca,-14.42222222,-69.345
211207,Puno,Sandia,San Juan del Oro,San Juan del Oro,-14.22083333,-69.15361111
211208,Puno,Sandia,Yanahuaya,Yanahuaya,-14.25861111,-69.16944444
211209,Puno,Sandia,Alto Inambari,Massiapo,-14.09,-69.24333333
211210,Puno,Sandia,San Pedro de Putina Punco,Putina Punco,-14.1125,-69.04777778
211301,Puno,Yunguyo,Yunguyo,Yunguyo,-16.22666667,-69.09555556
211302,Puno,Yunguyo,Anapia,Anapia,-16.31388889,-68.85277778
211303,Puno,Yunguyo,Copani,Copani,-16.4,-69.04027778
211304,Puno,Yunguyo,Cuturapi,San Juan de Cuturapi,-16.27055556,-69.17694444
211305,Puno,Yunguyo,Ollaraya,San Miguel de Ollaraya,-16.21972222,-68.99111111
211306,Puno,Yunguyo,Tinicachi,Tinicachi,-16.19861111,-68.96166667
211307,Puno,Yunguyo,Unicachi,Marcaja,-16.22361111,-68.98111111
220101,San Martín,Moyobamba,Moyobamba,Moyobamba,-6.03472222,-76.97416667
220102,San Martín,Moyobamba,Calzada,Calzada,-6.03027778,-77.06666667
220103,San Martín,Moyobamba,Habana,Habana,-6.07972222,-77.09138889
220104,San Martín,Moyobamba,Jepelacio,Jepelacio,-6.10805556,-76.91527778
220105,San Martín,Moyobamba,Soritor,Soritor,-6.13944444,-77.1025
220106,San Martín,Moyobamba,Yantalo,Yantalo,-5.97444444,-77.02083333
220201,San Martín,Bellavista,Bellavista,Bellavista,-7.05222222,-76.58972222
220202,San Martín,Bellavista,Alto Biavo,Cuzco,-7.25583333,-76.47666667
220203,San Martín,Bellavista,Bajo Biavo,Nuevo Lima,-7.10166667,-76.47194444
220204,San Martín,Bellavista,Huallaga,Ledoy,-7.13111111,-76.64861111
220205,San Martín,Bellavista,San Pablo,San Pablo,-6.80972222,-76.57472222
220206,San Martín,Bellavista,San Rafael,San Rafael,-7.02305556,-76.46583333
220301,San Martín,El Dorado,San José de Sisa,San José de Sisa,-6.61388889,-76.69527778
220302,San Martín,El Dorado,Agua Blanca,Agua Blanca,-6.72527778,-76.69527778
220303,San Martín,El Dorado,San Martín,San Martín,-6.51444444,-76.74055556
220304,San Martín,El Dorado,Santa Rosa,Santa Rosa,-6.74638889,-76.62361111
220305,San Martín,El Dorado,Shatoja,Shatoja,-6.52833333,-76.72
220401,San Martín,Huallaga,Saposoa,Saposoa,-6.93666667,-76.77222222
220402,San Martín,Huallaga,Alto Saposoa,Pasarraya,-6.76472222,-76.81361111
220403,San Martín,Huallaga,El Eslabón,El Eslabón,-7.02166667,-76.72333333
220404,San Martín,Huallaga,Piscoyacu,Piscoyacu,-6.98111111,-76.76944444
220405,San Martín,Huallaga,Sacanche,Sacanche,-7.07,-76.71361111
220406,San Martín,Huallaga,Tingo de Saposoa,Tingo de Saposoa,-7.09194444,-76.64138889
220501,San Martín,Lamas,Lamas,Lamas,-6.42388889,-76.52333333
220502,San Martín,Lamas,Alonso de Alvarado,Roque,-6.35583333,-76.77527778
220503,San Martín,Lamas,Barranquita,Barranquita,-6.25222222,-76.03333333
220504,San Martín,Lamas,Caynarachi,Pongo de Caynarachi,-6.33083333,-76.28416667
220505,San Martín,Lamas,Cuñumbuqui,Cuñumbuqui,-6.51055556,-76.48166667
220506,San Martín,Lamas,Pinto Recodo,Pinto Recodo,-6.37916667,-76.60444444
220507,San Martín,Lamas,Rumisapa,Rumisapa,-6.44888889,-76.47166667
220508,San Martín,Lamas,San Roque de Cumbaza,San Roque de Cumbaza,-6.38555556,-76.43861111
220509,San Martín,Lamas,Shanao,Shanao,-6.41166667,-76.59416667
220510,San Martín,Lamas,Tabalosos,Tabalosos,-6.38944444,-76.63416667
220511,San Martín,Lamas,Zapatero,Zapatero,-6.52972222,-76.49416667
220601,San Martín,Mariscal Cáceres,Juanjuí,Juanjuí,-7.17666667,-76.72388889
220602,San Martín,Mariscal Cáceres,Campanilla,Campanilla,-7.48305556,-76.64972222
220603,San Martín,Mariscal Cáceres,Huicungo,Huicungo,-7.31694444,-76.77722222
220604,San Martín,Mariscal Cáceres,Pachiza,Pachiza,-7.29805556,-76.77333333
220605,San Martín,Mariscal Cáceres,Pajarillo,Pajarillo,-7.17666667,-76.68861111
220701,San Martín,Picota,Picota,Picota,-6.92,-76.33027778
220702,San Martín,Picota,Buenos Aires,Buenos Aires,-6.79166667,-76.32777778
220703,San Martín,Picota,Caspisapa,Caspisapa,-6.95638889,-76.41861111
220704,San Martín,Picota,Pilluana,Pilluana,-6.77666667,-76.29166667
220705,San Martín,Picota,Pucacaca,Pucacaca,-6.84888889,-76.34111111
220706,San Martín,Picota,San Cristóbal,Puerto Rico,-6.99194444,-76.41777778
220707,San Martín,Picota,San Hilarión,San Cristóbal de Sisa,-7.00388889,-76.43944444
220708,San Martín,Picota,Shamboyacu,Shamboyacu,-7.02416667,-76.13277778
220709,San Martín,Picota,Tingo de Ponasa,Tingo de Ponasa,-6.93611111,-76.25388889
220710,San Martín,Picota,Tres Unidos,Tres Unidos,-6.80583333,-76.23222222
220801,San Martín,Rioja,Rioja,Rioja,-6.0625,-77.16833333
220802,San Martín,Rioja,Awajun,Bajo Naranjillo,-5.81611111,-77.38277778
220803,San Martín,Rioja,Elias Soplín Vargas,Segunda Jerusalen-Azunguillo,-5.98722222,-77.27805556
220804,San Martín,Rioja,Nueva Cajamarca,Nueva Cajamarca,-5.93611111,-77.30694444
220805,San Martín,Rioja,Pardo Miguel,Naranjos,-5.73944444,-77.50444444
220806,San Martín,Rioja,Posic,Posic,-6.01333333,-77.16194444
220807,San Martín,Rioja,San Fernando,San Fernando,-5.90194444,-77.26944444
220808,San Martín,Rioja,Yorongos,Yorongos,-6.13861111,-77.14416667
220809,San Martín,Rioja,Yuracyacu,Yuracyacu,-5.93111111,-77.22638889
220901,San Martín,San Martín,Tarapoto,Tarapoto,-6.48944444,-76.36027778
220902,San Martín,San Martín,Alberto Leveau,Utcurarca,-6.66305556,-76.28666667
220903,San Martín,San Martín,Cacatachi,Cacatachi,-6.46194444,-76.45138889
220904,San Martín,San Martín,Chazuta,Chazuta,-6.57361111,-76.13777778
220905,San Martín,San Martín,Chipurana,Navarro,-6.35416667,-75.74138889
220906,San Martín,San Martín,El Porvenir,Pelejo,-6.21166667,-75.80083333
220907,San Martín,San Martín,Huimbayoc,Huimbayoc,-6.41777778,-75.76805556
220908,San Martín,San Martín,Juan Guerra,Juan Guerra,-6.58416667,-76.33083333
220909,San Martín,San Martín,La Banda de Shilcayo,La Banda,-6.49,-76.34055556
220910,San Martín,San Martín,Morales,Morales,-6.47916667,-76.38305556
220911,San Martín,San Martín,Papaplaya,Papaplaya,-6.24527778,-75.79055556
220912,San Martín,San Martín,San Antonio,San Antonio,-6.40944444,-76.40666667
220913,San Martín,San Martín,Sauce,Sauce,-6.69055556,-76.21666667
220914,San Martín,San Martín,Shapaja,Shapaja,-6.57972222,-76.26194444
221001,San Martín,Tocache,Tocache,Tocache,-8.18833333,-76.50944444
221002,San Martín,Tocache,Nuevo Progreso,Nuevo Progreso,-8.45055556,-76.32638889
221003,San Martín,Tocache,Pólvora,Pólvora,-7.90777778,-76.66777778
221004,San Martín,Tocache,Shunte,Tambo de Paja,-8.35166667,-76.72972222
221005,San Martín,Tocache,Uchiza,Uchiza,-8.45833333,-76.46166667
221006,San Martín,Tocache,Santa Lucia,Santa Lucía,-8.34527778,-73.38722222
230101,Tacna,Tacna,Tacna,Tacna,-18.00194444,-70.25194444
230102,Tacna,Tacna,Alto de La Alianza,La Esperanza,-17.99305556,-70.24777778
230103,Tacna,Tacna,Calana,Calana,-17.94333333,-70.18833333
230104,Tacna,Tacna,Ciudad Nueva,Ciudad Nueva,-17.98194444,-70.23805556
230105,Tacna,Tacna,Inclán,Sama Grande,-17.79388889,-70.49472222
230106,Tacna,Tacna,Pachia,Pachia,-17.89638889,-70.15388889
230107,Tacna,Tacna,Palca,Palca,-17.77833333,-69.95972222
230108,Tacna,Tacna,Pocollay,Pocollay,-17.99666667,-70.22583333
230109,Tacna,Tacna,Sama,Las Yaras,-17.8625,-70.56
230110,Tacna,Tacna,Coronel Gregorio Albarracin Lanchipa,Alfonso Ugarte,-18.04305556,-70.25166667
230111,Tacna,Tacna,La Yarada los Palos,Los Palos,-18.28611111,-70.43916667
230201,Tacna,Candarave,Candarave,Candarave,-17.26805556,-70.25027778
230202,Tacna,Candarave,Cairani,Cairani,-17.28527778,-70.36361111
230203,Tacna,Candarave,Camilaca,Alto Camilaca,-17.2425,-70.38805556
230204,Tacna,Candarave,Curibaya,Curibaya,-17.38138889,-70.33472222
230205,Tacna,Candarave,Huanuara,Huanuara,-17.31361111,-70.3225
230206,Tacna,Candarave,Quilahuani,Quilahuani,-17.31833333,-70.25861111
230301,Tacna,Jorge Basadre,Locumba,Locumba,-17.61388889,-70.76277778
230302,Tacna,Jorge Basadre,Ilabaya,Ilabaya,-17.41805556,-70.51305556
230303,Tacna,Jorge Basadre,Ite,Ite,-17.86166667,-70.96583333
230401,Tacna,Tarata,Tarata,Tarata,-17.475,-70.03194444
230402,Tacna,Tarata,Héroes Albarracín,Chucatamani,-17.48055556,-70.12305556
230403,Tacna,Tarata,Estique,Estique,-17.54194444,-70.01833333
230404,Tacna,Tarata,Estique-Pampa,Estique-Pampa,-17.53861111,-70.03138889
230405,Tacna,Tarata,Sitajara,Sitajara,-17.37527778,-70.13388889
230406,Tacna,Tarata,Susapaya,Susapaya,-17.34805556,-70.13361111
230407,Tacna,Tarata,Tarucachi,Tarucachi,-17.52583333,-70.03166667
230408,Tacna,Tarata,Ticaco,Ticaco,-17.44722222,-70.04666667
240101,Tumbes,Tumbes,Tumbes,Tumbes,-3.57111111,-80.45916667
240102,Tumbes,Tumbes,Corrales,San Pedro de Los Incas,-3.60138889,-80.48055556
240103,Tumbes,Tumbes,La Cruz,Caleta Cruz,-3.63722222,-80.59
240104,Tumbes,Tumbes,Pampas de Hospital,Pampas de Hospital,-3.69333333,-80.43916667
240105,Tumbes,Tumbes,San Jacinto,San Jacinto,-3.64083333,-80.44527778
240106,Tumbes,Tumbes,San Juan de La Virgen,San Juan de La Virgen,-3.62777778,-80.43361111
240201,Tumbes,Contralmirante Villar,Zorritos,Zorritos,-3.6775,-80.66805556
240202,Tumbes,Contralmirante Villar,Casitas,Cañaveral,-3.94222222,-80.65111111
240203,Tumbes,Contralmirante Villar,Canoas de Punta Sal,Cancas,-3.95055556,-80.94
240301,Tumbes,Zarumilla,Zarumilla,Zarumilla,-3.50111111,-80.27555556
240302,Tumbes,Zarumilla,Aguas Verdes,Aguas Verdes,-3.48166667,-80.245
240303,Tumbes,Zarumilla,Matapalo,Matapalo,-3.68222222,-80.19972222
240304,Tumbes,Zarumilla,Papayal,Papayal,-3.57138889,-80.235
250101,Ucayali,Coronel Portillo,Calleria,Pucallpa,-8.36805556,-74.54333333
250102,Ucayali,Coronel Portillo,Campoverde,Campoverde,-8.47194444,-74.80527778
250103,Ucayali,Coronel Portillo,Iparia,Iparia,-9.30611111,-74.43555556
250104,Ucayali,Coronel Portillo,Masisea,Masisea,-8.60472222,-74.30611111
250105,Ucayali,Coronel Portillo,Yarinacocha,Puerto Callao,-8.35555556,-74.57583333
250106,Ucayali,Coronel Portillo,Nueva Requena,Nueva Requena,-8.32055556,-74.85138889
250107,Ucayali,Coronel Portillo,Manantay,San Fernando,-8.40027778,-74.54138889
250201,Ucayali,Atalaya,Raimondi,Atalaya,-10.72972222,-73.75527778
250202,Ucayali,Atalaya,Sepahua,Sepahua,-11.13722222,-73.04555556
250203,Ucayali,Atalaya,Tahuania,Bolognesi,-10.03055556,-73.95638889
250204,Ucayali,Atalaya,Yurua,Breu,-9.53138889,-72.76
250301,Ucayali,Padre Abad,Padre Abad,Aguaytia,-9.03361111,-75.5075
250302,Ucayali,Padre Abad,Irazola,San Alejandro,-8.82861111,-75.21333333
250303,Ucayali,Padre Abad,Curimaná,Curimaná,-8.43333333,-75.14777778
250304,Ucayali,Padre Abad,Neshuya,Monte Alegre,-8.64,-74.96444444
250305,Ucayali,Padre Abad,Alexander Von Humboldt,Alexander Von Humboldt,-8.8275,-75.05083333
250306,Ucayali,Padre Abad,Huipoca,Huipoca,-8.97777778,-75.44722222
250307,Ucayali,Padre Abad,Boquerón,Boquerón,-9.05972222,-75.63611111
250401,Ucayali,Purús,Purús,Esperanza,-9.77222222,-70.70972222
